행정구역(동읍면)별,경지규모별,농기계종류별,2000,2000
행정구역(동읍면)별,경지규모별,농기계종류별,농가수 (가구),보유대수 (대)
중         구,영농형태: 논벼,경운기,0,0
중         구,영농형태: 논벼,트랙터,1,2
중         구,영농형태: 논벼,콤바인,1,1
중         구,영농형태: 논벼,바인더,0,0
중         구,영농형태: 논벼,관리기,0,0
중         구,영농형태: 논벼,건조기,0,0
중         구,영농형태: 논벼,이앙기,1,1
중         구,영농형태: 논벼,정미기,0,0
성   동   구,영농형태: 논벼,경운기,3,3
성   동   구,영농형태: 논벼,트랙터,0,0
성   동   구,영농형태: 논벼,콤바인,1,1
성   동   구,영농형태: 논벼,바인더,0,0
성   동   구,영농형태: 논벼,관리기,0,0
성   동   구,영농형태: 논벼,건조기,1,1
성   동   구,영농형태: 논벼,이앙기,1,1
성   동   구,영농형태: 논벼,정미기,1,1
광   진   구,영농형태: 논벼,경운기,1,1
광   진   구,영농형태: 논벼,트랙터,0,0
광   진   구,영농형태: 논벼,콤바인,0,0
광   진   구,영농형태: 논벼,바인더,0,0
광   진   구,영농형태: 논벼,관리기,0,0
광   진   구,영농형태: 논벼,건조기,0,0
광   진   구,영농형태: 논벼,이앙기,0,0
광   진   구,영농형태: 논벼,정미기,0,0
동 대 문 구,영농형태: 논벼,경운기,2,2
동 대 문 구,영농형태: 논벼,트랙터,2,2
동 대 문 구,영농형태: 논벼,콤바인,2,2
동 대 문 구,영농형태: 논벼,바인더,0,0
동 대 문 구,영농형태: 논벼,관리기,1,1
동 대 문 구,영농형태: 논벼,건조기,1,1
동 대 문 구,영농형태: 논벼,이앙기,0,0
동 대 문 구,영농형태: 논벼,정미기,1,1
중   랑   구,영농형태: 논벼,경운기,4,4
중   랑   구,영농형태: 논벼,트랙터,0,0
중   랑   구,영농형태: 논벼,콤바인,0,0
중   랑   구,영농형태: 논벼,바인더,0,0
중   랑   구,영농형태: 논벼,관리기,0,0
중   랑   구,영농형태: 논벼,건조기,0,0
중   랑   구,영농형태: 논벼,이앙기,1,1
중   랑   구,영농형태: 논벼,정미기,1,1
강   북   구,영농형태: 논벼,경운기,1,1
강   북   구,영농형태: 논벼,트랙터,0,0
강   북   구,영농형태: 논벼,콤바인,0,0
강   북   구,영농형태: 논벼,바인더,0,0
강   북   구,영농형태: 논벼,관리기,0,0
강   북   구,영농형태: 논벼,건조기,0,0
강   북   구,영농형태: 논벼,이앙기,0,0
강   북   구,영농형태: 논벼,정미기,0,0
도   봉   구,영농형태: 논벼,경운기,2,2
도   봉   구,영농형태: 논벼,트랙터,1,1
도   봉   구,영농형태: 논벼,콤바인,0,0
도   봉   구,영농형태: 논벼,바인더,0,0
도   봉   구,영농형태: 논벼,관리기,0,0
도   봉   구,영농형태: 논벼,건조기,0,0
도   봉   구,영농형태: 논벼,이앙기,1,1
도   봉   구,영농형태: 논벼,정미기,2,2
노   원   구,영농형태: 논벼,경운기,3,3
노   원   구,영농형태: 논벼,트랙터,1,1
노   원   구,영농형태: 논벼,콤바인,0,0
노   원   구,영농형태: 논벼,바인더,0,0
노   원   구,영농형태: 논벼,관리기,1,1
노   원   구,영농형태: 논벼,건조기,0,0
노   원   구,영농형태: 논벼,이앙기,2,3
노   원   구,영농형태: 논벼,정미기,1,1
은   평   구,영농형태: 논벼,경운기,1,1
은   평   구,영농형태: 논벼,트랙터,3,3
은   평   구,영농형태: 논벼,콤바인,1,1
은   평   구,영농형태: 논벼,바인더,0,0
은   평   구,영농형태: 논벼,관리기,1,1
은   평   구,영농형태: 논벼,건조기,1,1
은   평   구,영농형태: 논벼,이앙기,2,2
은   평   구,영농형태: 논벼,정미기,3,3
마   포   구,영농형태: 논벼,경운기,3,3
마   포   구,영농형태: 논벼,트랙터,1,1
마   포   구,영농형태: 논벼,콤바인,1,1
마   포   구,영농형태: 논벼,바인더,0,0
마   포   구,영농형태: 논벼,관리기,0,0
마   포   구,영농형태: 논벼,건조기,0,0
마   포   구,영농형태: 논벼,이앙기,2,4
마   포   구,영농형태: 논벼,정미기,0,0
양   천   구,영농형태: 논벼,경운기,0,0
양   천   구,영농형태: 논벼,트랙터,1,1
양   천   구,영농형태: 논벼,콤바인,0,0
양   천   구,영농형태: 논벼,바인더,0,0
양   천   구,영농형태: 논벼,관리기,2,2
양   천   구,영농형태: 논벼,건조기,0,0
양   천   구,영농형태: 논벼,이앙기,1,1
양   천   구,영농형태: 논벼,정미기,0,0
강   서   구,영농형태: 논벼,경운기,68,78
강   서   구,영농형태: 논벼,트랙터,46,53
강   서   구,영농형태: 논벼,콤바인,26,26
강   서   구,영농형태: 논벼,바인더,10,10
강   서   구,영농형태: 논벼,관리기,13,13
강   서   구,영농형태: 논벼,건조기,15,21
강   서   구,영농형태: 논벼,이앙기,50,55
강   서   구,영농형태: 논벼,정미기,18,19
구   로   구,영농형태: 논벼,경운기,2,2
구   로   구,영농형태: 논벼,트랙터,4,4
구   로   구,영농형태: 논벼,콤바인,0,0
구   로   구,영농형태: 논벼,바인더,0,0
구   로   구,영농형태: 논벼,관리기,1,1
구   로   구,영농형태: 논벼,건조기,0,0
구   로   구,영농형태: 논벼,이앙기,2,2
구   로   구,영농형태: 논벼,정미기,1,1
영 등 포 구,영농형태: 논벼,경운기,3,3
영 등 포 구,영농형태: 논벼,트랙터,3,3
영 등 포 구,영농형태: 논벼,콤바인,1,1
영 등 포 구,영농형태: 논벼,바인더,0,0
영 등 포 구,영농형태: 논벼,관리기,1,1
영 등 포 구,영농형태: 논벼,건조기,1,1
영 등 포 구,영농형태: 논벼,이앙기,2,2
영 등 포 구,영농형태: 논벼,정미기,1,1
동   작   구,영농형태: 논벼,경운기,1,1
동   작   구,영농형태: 논벼,트랙터,1,1
동   작   구,영농형태: 논벼,콤바인,0,0
동   작   구,영농형태: 논벼,바인더,0,0
동   작   구,영농형태: 논벼,관리기,0,0
동   작   구,영농형태: 논벼,건조기,0,0
동   작   구,영농형태: 논벼,이앙기,1,1
동   작   구,영농형태: 논벼,정미기,0,0
관   악   구,영농형태: 논벼,경운기,1,1
관   악   구,영농형태: 논벼,트랙터,0,0
관   악   구,영농형태: 논벼,콤바인,0,0
관   악   구,영농형태: 논벼,바인더,0,0
관   악   구,영농형태: 논벼,관리기,0,0
관   악   구,영농형태: 논벼,건조기,0,0
관   악   구,영농형태: 논벼,이앙기,0,0
관   악   구,영농형태: 논벼,정미기,0,0
서   초   구,영농형태: 논벼,경운기,6,7
서   초   구,영농형태: 논벼,트랙터,2,2
서   초   구,영농형태: 논벼,콤바인,0,0
서   초   구,영농형태: 논벼,바인더,0,0
서   초   구,영농형태: 논벼,관리기,2,2
서   초   구,영농형태: 논벼,건조기,0,0
서   초   구,영농형태: 논벼,이앙기,0,0
서   초   구,영농형태: 논벼,정미기,0,0
강   남   구,영농형태: 논벼,경운기,1,1
강   남   구,영농형태: 논벼,트랙터,1,1
강   남   구,영농형태: 논벼,콤바인,1,1
강   남   구,영농형태: 논벼,바인더,1,1
강   남   구,영농형태: 논벼,관리기,0,0
강   남   구,영농형태: 논벼,건조기,0,0
강   남   구,영농형태: 논벼,이앙기,2,2
강   남   구,영농형태: 논벼,정미기,0,0
송   파   구,영농형태: 논벼,경운기,2,4
송   파   구,영농형태: 논벼,트랙터,0,0
송   파   구,영농형태: 논벼,콤바인,1,1
송   파   구,영농형태: 논벼,바인더,0,0
송   파   구,영농형태: 논벼,관리기,1,1
송   파   구,영농형태: 논벼,건조기,0,0
송   파   구,영농형태: 논벼,이앙기,1,1
송   파   구,영농형태: 논벼,정미기,0,0
강   동   구,영농형태: 논벼,경운기,5,5
강   동   구,영농형태: 논벼,트랙터,3,3
강   동   구,영농형태: 논벼,콤바인,1,1
강   동   구,영농형태: 논벼,바인더,1,1
강   동   구,영농형태: 논벼,관리기,3,3
강   동   구,영농형태: 논벼,건조기,1,1
강   동   구,영농형태: 논벼,이앙기,4,4
강   동   구,영농형태: 논벼,정미기,3,3
서         구,영농형태: 논벼,경운기,0,0
서         구,영농형태: 논벼,트랙터,1,1
서         구,영농형태: 논벼,콤바인,1,1
서         구,영농형태: 논벼,바인더,0,0
서         구,영농형태: 논벼,관리기,0,0
서         구,영농형태: 논벼,건조기,0,0
서         구,영농형태: 논벼,이앙기,0,0
서         구,영농형태: 논벼,정미기,0,0
동         구,영농형태: 논벼,경운기,0,0
동         구,영농형태: 논벼,트랙터,0,0
동         구,영농형태: 논벼,콤바인,0,0
동         구,영농형태: 논벼,바인더,0,0
동         구,영농형태: 논벼,관리기,0,0
동         구,영농형태: 논벼,건조기,0,0
동         구,영농형태: 논벼,이앙기,0,0
동         구,영농형태: 논벼,정미기,0,0
영   도   구,영농형태: 논벼,경운기,1,1
영   도   구,영농형태: 논벼,트랙터,0,0
영   도   구,영농형태: 논벼,콤바인,0,0
영   도   구,영농형태: 논벼,바인더,0,0
영   도   구,영농형태: 논벼,관리기,0,0
영   도   구,영농형태: 논벼,건조기,0,0
영   도   구,영농형태: 논벼,이앙기,0,0
영   도   구,영농형태: 논벼,정미기,0,0
부 산 진 구,영농형태: 논벼,경운기,3,3
부 산 진 구,영농형태: 논벼,트랙터,1,2
부 산 진 구,영농형태: 논벼,콤바인,0,0
부 산 진 구,영농형태: 논벼,바인더,0,0
부 산 진 구,영농형태: 논벼,관리기,1,1
부 산 진 구,영농형태: 논벼,건조기,0,0
부 산 진 구,영농형태: 논벼,이앙기,1,1
부 산 진 구,영농형태: 논벼,정미기,1,1
동   래   구,영농형태: 논벼,경운기,3,3
동   래   구,영농형태: 논벼,트랙터,1,1
동   래   구,영농형태: 논벼,콤바인,0,0
동   래   구,영농형태: 논벼,바인더,0,0
동   래   구,영농형태: 논벼,관리기,0,0
동   래   구,영농형태: 논벼,건조기,0,0
동   래   구,영농형태: 논벼,이앙기,1,1
동   래   구,영농형태: 논벼,정미기,1,1
남         구,영농형태: 논벼,경운기,2,2
남         구,영농형태: 논벼,트랙터,1,1
남         구,영농형태: 논벼,콤바인,1,1
남         구,영농형태: 논벼,바인더,1,1
남         구,영농형태: 논벼,관리기,1,1
남         구,영농형태: 논벼,건조기,0,0
남         구,영농형태: 논벼,이앙기,1,1
남         구,영농형태: 논벼,정미기,0,0
북         구,영농형태: 논벼,경운기,4,4
북         구,영농형태: 논벼,트랙터,1,1
북         구,영농형태: 논벼,콤바인,1,1
북         구,영농형태: 논벼,바인더,0,0
북         구,영농형태: 논벼,관리기,0,0
북         구,영농형태: 논벼,건조기,2,2
북         구,영농형태: 논벼,이앙기,1,1
북         구,영농형태: 논벼,정미기,0,0
해 운 대 구,영농형태: 논벼,경운기,11,15
해 운 대 구,영농형태: 논벼,트랙터,4,4
해 운 대 구,영농형태: 논벼,콤바인,4,4
해 운 대 구,영농형태: 논벼,바인더,4,4
해 운 대 구,영농형태: 논벼,관리기,7,7
해 운 대 구,영농형태: 논벼,건조기,2,2
해 운 대 구,영농형태: 논벼,이앙기,7,7
해 운 대 구,영농형태: 논벼,정미기,3,3
사   하   구,영농형태: 논벼,경운기,6,6
사   하   구,영농형태: 논벼,트랙터,4,4
사   하   구,영농형태: 논벼,콤바인,1,1
사   하   구,영농형태: 논벼,바인더,0,0
사   하   구,영농형태: 논벼,관리기,2,2
사   하   구,영농형태: 논벼,건조기,2,2
사   하   구,영농형태: 논벼,이앙기,2,2
사   하   구,영농형태: 논벼,정미기,1,1
금   정   구,영농형태: 논벼,경운기,8,9
금   정   구,영농형태: 논벼,트랙터,3,3
금   정   구,영농형태: 논벼,콤바인,2,2
금   정   구,영농형태: 논벼,바인더,1,1
금   정   구,영농형태: 논벼,관리기,2,2
금   정   구,영농형태: 논벼,건조기,0,0
금   정   구,영농형태: 논벼,이앙기,2,2
금   정   구,영농형태: 논벼,정미기,4,4
강   서   구,영농형태: 논벼,경운기,1243,1460
강   서   구,영농형태: 논벼,트랙터,625,699
강   서   구,영농형태: 논벼,콤바인,287,299
강   서   구,영농형태: 논벼,바인더,102,103
강   서   구,영농형태: 논벼,관리기,841,914
강   서   구,영농형태: 논벼,건조기,140,146
강   서   구,영농형태: 논벼,이앙기,626,662
강   서   구,영농형태: 논벼,정미기,848,851
연   제   구,영농형태: 논벼,경운기,7,7
연   제   구,영농형태: 논벼,트랙터,2,2
연   제   구,영농형태: 논벼,콤바인,2,2
연   제   구,영농형태: 논벼,바인더,1,1
연   제   구,영농형태: 논벼,관리기,4,4
연   제   구,영농형태: 논벼,건조기,2,2
연   제   구,영농형태: 논벼,이앙기,3,3
연   제   구,영농형태: 논벼,정미기,2,2
수   영   구,영농형태: 논벼,경운기,0,0
수   영   구,영농형태: 논벼,트랙터,0,0
수   영   구,영농형태: 논벼,콤바인,0,0
수   영   구,영농형태: 논벼,바인더,0,0
수   영   구,영농형태: 논벼,관리기,0,0
수   영   구,영농형태: 논벼,건조기,0,0
수   영   구,영농형태: 논벼,이앙기,0,0
수   영   구,영농형태: 논벼,정미기,0,0
사   상   구,영농형태: 논벼,경운기,18,22
사   상   구,영농형태: 논벼,트랙터,4,7
사   상   구,영농형태: 논벼,콤바인,1,1
사   상   구,영농형태: 논벼,바인더,1,1
사   상   구,영농형태: 논벼,관리기,4,4
사   상   구,영농형태: 논벼,건조기,1,1
사   상   구,영농형태: 논벼,이앙기,2,2
사   상   구,영농형태: 논벼,정미기,4,4
기   장   군,영농형태: 논벼,경운기,956,1213
기   장   군,영농형태: 논벼,트랙터,261,273
기   장   군,영농형태: 논벼,콤바인,189,191
기   장   군,영농형태: 논벼,바인더,423,429
기   장   군,영농형태: 논벼,관리기,267,273
기   장   군,영농형태: 논벼,건조기,75,75
기   장   군,영농형태: 논벼,이앙기,501,516
기   장   군,영농형태: 논벼,정미기,525,528
중         구,영농형태: 논벼,경운기,12,12
중         구,영농형태: 논벼,트랙터,0,0
중         구,영농형태: 논벼,콤바인,0,0
중         구,영농형태: 논벼,바인더,0,0
중         구,영농형태: 논벼,관리기,1,1
중         구,영농형태: 논벼,건조기,0,0
중         구,영농형태: 논벼,이앙기,0,0
중         구,영농형태: 논벼,정미기,3,3
동         구,영농형태: 논벼,경운기,267,300
동         구,영농형태: 논벼,트랙터,17,20
동         구,영농형태: 논벼,콤바인,14,16
동         구,영농형태: 논벼,바인더,42,47
동         구,영농형태: 논벼,관리기,117,120
동         구,영농형태: 논벼,건조기,2,2
동         구,영농형태: 논벼,이앙기,59,62
동         구,영농형태: 논벼,정미기,47,47
서         구,영농형태: 논벼,경운기,25,28
서         구,영농형태: 논벼,트랙터,0,0
서         구,영농형태: 논벼,콤바인,0,0
서         구,영농형태: 논벼,바인더,1,1
서         구,영농형태: 논벼,관리기,3,3
서         구,영농형태: 논벼,건조기,1,1
서         구,영농형태: 논벼,이앙기,2,2
서         구,영농형태: 논벼,정미기,3,3
남         구,영농형태: 논벼,경운기,8,8
남         구,영농형태: 논벼,트랙터,0,0
남         구,영농형태: 논벼,콤바인,0,0
남         구,영농형태: 논벼,바인더,0,0
남         구,영농형태: 논벼,관리기,1,1
남         구,영농형태: 논벼,건조기,0,0
남         구,영농형태: 논벼,이앙기,1,1
남         구,영농형태: 논벼,정미기,2,2
북         구,영농형태: 논벼,경운기,196,217
북         구,영농형태: 논벼,트랙터,17,18
북         구,영농형태: 논벼,콤바인,18,18
북         구,영농형태: 논벼,바인더,45,45
북         구,영농형태: 논벼,관리기,49,49
북         구,영농형태: 논벼,건조기,6,6
북         구,영농형태: 논벼,이앙기,51,51
북         구,영농형태: 논벼,정미기,48,48
수   성   구,영농형태: 논벼,경운기,32,39
수   성   구,영농형태: 논벼,트랙터,1,1
수   성   구,영농형태: 논벼,콤바인,2,2
수   성   구,영농형태: 논벼,바인더,8,9
수   성   구,영농형태: 논벼,관리기,16,16
수   성   구,영농형태: 논벼,건조기,1,1
수   성   구,영농형태: 논벼,이앙기,10,10
수   성   구,영농형태: 논벼,정미기,12,12
달   서   구,영농형태: 논벼,경운기,123,135
달   서   구,영농형태: 논벼,트랙터,20,20
달   서   구,영농형태: 논벼,콤바인,11,11
달   서   구,영농형태: 논벼,바인더,25,25
달   서   구,영농형태: 논벼,관리기,23,23
달   서   구,영농형태: 논벼,건조기,1,1
달   서   구,영농형태: 논벼,이앙기,31,33
달   서   구,영농형태: 논벼,정미기,20,20
달   성   군,영농형태: 논벼,경운기,2872,3229
달   성   군,영농형태: 논벼,트랙터,440,466
달   성   군,영농형태: 논벼,콤바인,296,300
달   성   군,영농형태: 논벼,바인더,1265,1276
달   성   군,영농형태: 논벼,관리기,1066,1073
달   성   군,영농형태: 논벼,건조기,192,198
달   성   군,영농형태: 논벼,이앙기,1596,1614
달   성   군,영농형태: 논벼,정미기,1462,1464
중         구,영농형태: 논벼,경운기,507,547
중         구,영농형태: 논벼,트랙터,209,221
중         구,영농형태: 논벼,콤바인,146,147
중         구,영농형태: 논벼,바인더,90,90
중         구,영농형태: 논벼,관리기,181,182
중         구,영농형태: 논벼,건조기,197,207
중         구,영농형태: 논벼,이앙기,378,391
중         구,영농형태: 논벼,정미기,325,326
동         구,영농형태: 논벼,경운기,4,4
동         구,영농형태: 논벼,트랙터,2,2
동         구,영농형태: 논벼,콤바인,0,0
동         구,영농형태: 논벼,바인더,1,1
동         구,영농형태: 논벼,관리기,1,1
동         구,영농형태: 논벼,건조기,0,0
동         구,영농형태: 논벼,이앙기,2,2
동         구,영농형태: 논벼,정미기,1,1
남         구,영농형태: 논벼,경운기,14,14
남         구,영농형태: 논벼,트랙터,2,2
남         구,영농형태: 논벼,콤바인,0,0
남         구,영농형태: 논벼,바인더,0,0
남         구,영농형태: 논벼,관리기,1,1
남         구,영농형태: 논벼,건조기,0,0
남         구,영농형태: 논벼,이앙기,5,5
남         구,영농형태: 논벼,정미기,3,3
연   수   구,영농형태: 논벼,경운기,17,22
연   수   구,영농형태: 논벼,트랙터,5,5
연   수   구,영농형태: 논벼,콤바인,3,3
연   수   구,영농형태: 논벼,바인더,1,1
연   수   구,영농형태: 논벼,관리기,2,2
연   수   구,영농형태: 논벼,건조기,1,1
연   수   구,영농형태: 논벼,이앙기,8,8
연   수   구,영농형태: 논벼,정미기,5,5
남   동   구,영농형태: 논벼,경운기,199,229
남   동   구,영농형태: 논벼,트랙터,80,84
남   동   구,영농형태: 논벼,콤바인,56,59
남   동   구,영농형태: 논벼,바인더,5,5
남   동   구,영농형태: 논벼,관리기,48,48
남   동   구,영농형태: 논벼,건조기,82,100
남   동   구,영농형태: 논벼,이앙기,121,129
남   동   구,영농형태: 논벼,정미기,173,174
부   평   구,영농형태: 논벼,경운기,10,11
부   평   구,영농형태: 논벼,트랙터,7,7
부   평   구,영농형태: 논벼,콤바인,5,5
부   평   구,영농형태: 논벼,바인더,2,2
부   평   구,영농형태: 논벼,관리기,2,2
부   평   구,영농형태: 논벼,건조기,4,5
부   평   구,영농형태: 논벼,이앙기,9,11
부   평   구,영농형태: 논벼,정미기,3,3
계   양   구,영농형태: 논벼,경운기,280,292
계   양   구,영농형태: 논벼,트랙터,128,141
계   양   구,영농형태: 논벼,콤바인,67,69
계   양   구,영농형태: 논벼,바인더,28,28
계   양   구,영농형태: 논벼,관리기,40,40
계   양   구,영농형태: 논벼,건조기,66,84
계   양   구,영농형태: 논벼,이앙기,225,238
계   양   구,영농형태: 논벼,정미기,132,136
서         구,영농형태: 논벼,경운기,429,452
서         구,영농형태: 논벼,트랙터,137,142
서         구,영농형태: 논벼,콤바인,110,115
서         구,영농형태: 논벼,바인더,35,38
서         구,영농형태: 논벼,관리기,60,61
서         구,영농형태: 논벼,건조기,79,87
서         구,영농형태: 논벼,이앙기,270,284
서         구,영농형태: 논벼,정미기,149,149
강   화   군,영농형태: 논벼,경운기,5929,6236
강   화   군,영농형태: 논벼,트랙터,2212,2306
강   화   군,영농형태: 논벼,콤바인,1174,1181
강   화   군,영농형태: 논벼,바인더,234,235
강   화   군,영농형태: 논벼,관리기,1642,1657
강   화   군,영농형태: 논벼,건조기,1321,1476
강   화   군,영농형태: 논벼,이앙기,4250,4315
강   화   군,영농형태: 논벼,정미기,3582,3588
옹   진   군,영농형태: 논벼,경운기,697,796
옹   진   군,영농형태: 논벼,트랙터,252,264
옹   진   군,영농형태: 논벼,콤바인,181,186
옹   진   군,영농형태: 논벼,바인더,152,153
옹   진   군,영농형태: 논벼,관리기,146,147
옹   진   군,영농형태: 논벼,건조기,457,490
옹   진   군,영농형태: 논벼,이앙기,430,444
옹   진   군,영농형태: 논벼,정미기,572,579
동         구,영농형태: 논벼,경운기,47,49
동         구,영농형태: 논벼,트랙터,5,5
동         구,영농형태: 논벼,콤바인,7,7
동         구,영농형태: 논벼,바인더,2,2
동         구,영농형태: 논벼,관리기,11,11
동         구,영농형태: 논벼,건조기,2,2
동         구,영농형태: 논벼,이앙기,10,10
동         구,영농형태: 논벼,정미기,31,31
서         구,영농형태: 논벼,경운기,195,205
서         구,영농형태: 논벼,트랙터,77,85
서         구,영농형태: 논벼,콤바인,45,45
서         구,영농형태: 논벼,바인더,7,7
서         구,영농형태: 논벼,관리기,44,45
서         구,영농형태: 논벼,건조기,34,35
서         구,영농형태: 논벼,이앙기,89,92
서         구,영농형태: 논벼,정미기,106,106
남         구,영농형태: 논벼,경운기,333,356
남         구,영농형태: 논벼,트랙터,105,121
남         구,영농형태: 논벼,콤바인,67,72
남         구,영농형태: 논벼,바인더,6,6
남         구,영농형태: 논벼,관리기,152,152
남         구,영농형태: 논벼,건조기,51,51
남         구,영농형태: 논벼,이앙기,135,143
남         구,영농형태: 논벼,정미기,231,231
북         구,영농형태: 논벼,경운기,361,406
북         구,영농형태: 논벼,트랙터,86,95
북         구,영농형태: 논벼,콤바인,71,72
북         구,영농형태: 논벼,바인더,10,11
북         구,영농형태: 논벼,관리기,146,150
북         구,영농형태: 논벼,건조기,49,53
북         구,영농형태: 논벼,이앙기,148,155
북         구,영농형태: 논벼,정미기,176,176
광   산   구,영농형태: 논벼,경운기,1400,1573
광   산   구,영농형태: 논벼,트랙터,381,443
광   산   구,영농형태: 논벼,콤바인,243,262
광   산   구,영농형태: 논벼,바인더,40,43
광   산   구,영농형태: 논벼,관리기,403,410
광   산   구,영농형태: 논벼,건조기,162,174
광   산   구,영농형태: 논벼,이앙기,497,524
광   산   구,영농형태: 논벼,정미기,1145,1157
동         구,영농형태: 논벼,경운기,127,142
동         구,영농형태: 논벼,트랙터,7,7
동         구,영농형태: 논벼,콤바인,16,16
동         구,영농형태: 논벼,바인더,10,10
동         구,영농형태: 논벼,관리기,77,78
동         구,영농형태: 논벼,건조기,9,9
동         구,영농형태: 논벼,이앙기,58,59
동         구,영농형태: 논벼,정미기,99,99
중         구,영농형태: 논벼,경운기,99,105
중         구,영농형태: 논벼,트랙터,12,12
중         구,영농형태: 논벼,콤바인,10,10
중         구,영농형태: 논벼,바인더,0,0
중         구,영농형태: 논벼,관리기,33,33
중         구,영농형태: 논벼,건조기,8,8
중         구,영농형태: 논벼,이앙기,35,36
중         구,영농형태: 논벼,정미기,20,20
서         구,영농형태: 논벼,경운기,232,246
서         구,영농형태: 논벼,트랙터,48,49
서         구,영농형태: 논벼,콤바인,41,42
서         구,영농형태: 논벼,바인더,6,6
서         구,영농형태: 논벼,관리기,103,105
서         구,영농형태: 논벼,건조기,17,19
서         구,영농형태: 논벼,이앙기,131,136
서         구,영농형태: 논벼,정미기,143,143
유   성   구,영농형태: 논벼,경운기,628,676
유   성   구,영농형태: 논벼,트랙터,136,149
유   성   구,영농형태: 논벼,콤바인,98,103
유   성   구,영농형태: 논벼,바인더,23,23
유   성   구,영농형태: 논벼,관리기,284,287
유   성   구,영농형태: 논벼,건조기,78,93
유   성   구,영농형태: 논벼,이앙기,354,371
유   성   구,영농형태: 논벼,정미기,363,368
대   덕   구,영농형태: 논벼,경운기,122,131
대   덕   구,영농형태: 논벼,트랙터,14,14
대   덕   구,영농형태: 논벼,콤바인,12,12
대   덕   구,영농형태: 논벼,바인더,3,3
대   덕   구,영농형태: 논벼,관리기,49,51
대   덕   구,영농형태: 논벼,건조기,16,16
대   덕   구,영농형태: 논벼,이앙기,62,65
대   덕   구,영농형태: 논벼,정미기,80,80
중         구,영농형태: 논벼,경운기,128,162
중         구,영농형태: 논벼,트랙터,16,18
중         구,영농형태: 논벼,콤바인,16,17
중         구,영농형태: 논벼,바인더,37,37
중         구,영농형태: 논벼,관리기,36,37
중         구,영농형태: 논벼,건조기,3,4
중         구,영농형태: 논벼,이앙기,51,51
중         구,영농형태: 논벼,정미기,67,68
남         구,영농형태: 논벼,경운기,77,99
남         구,영농형태: 논벼,트랙터,13,13
남         구,영농형태: 논벼,콤바인,11,11
남         구,영농형태: 논벼,바인더,27,27
남         구,영농형태: 논벼,관리기,28,28
남         구,영농형태: 논벼,건조기,0,0
남         구,영농형태: 논벼,이앙기,29,29
남         구,영농형태: 논벼,정미기,29,29
동         구,영농형태: 논벼,경운기,42,49
동         구,영농형태: 논벼,트랙터,6,6
동         구,영농형태: 논벼,콤바인,8,8
동         구,영농형태: 논벼,바인더,4,4
동         구,영농형태: 논벼,관리기,5,5
동         구,영농형태: 논벼,건조기,1,1
동         구,영농형태: 논벼,이앙기,17,18
동         구,영농형태: 논벼,정미기,12,12
북         구,영농형태: 논벼,경운기,917,1116
북         구,영농형태: 논벼,트랙터,94,97
북         구,영농형태: 논벼,콤바인,91,92
북         구,영농형태: 논벼,바인더,318,328
북         구,영농형태: 논벼,관리기,151,155
북         구,영농형태: 논벼,건조기,26,27
북         구,영농형태: 논벼,이앙기,472,488
북         구,영농형태: 논벼,정미기,711,712
울   주   군,영농형태: 논벼,경운기,4138,5185
울   주   군,영농형태: 논벼,트랙터,672,686
울   주   군,영농형태: 논벼,콤바인,504,511
울   주   군,영농형태: 논벼,바인더,2293,2342
울   주   군,영농형태: 논벼,관리기,762,773
울   주   군,영농형태: 논벼,건조기,194,198
울   주   군,영농형태: 논벼,이앙기,2469,2521
울   주   군,영농형태: 논벼,정미기,2442,2447
수   원   시,영농형태: 논벼,경운기,425,477
수   원   시,영농형태: 논벼,트랙터,170,175
수   원   시,영농형태: 논벼,콤바인,118,120
수   원   시,영농형태: 논벼,바인더,29,30
수   원   시,영농형태: 논벼,관리기,88,88
수   원   시,영농형태: 논벼,건조기,85,93
수   원   시,영농형태: 논벼,이앙기,309,333
수   원   시,영농형태: 논벼,정미기,206,212
장  안  구,영농형태: 논벼,경운기,49,56
장  안  구,영농형태: 논벼,트랙터,15,16
장  안  구,영농형태: 논벼,콤바인,10,11
장  안  구,영농형태: 논벼,바인더,3,4
장  안  구,영농형태: 논벼,관리기,11,11
장  안  구,영농형태: 논벼,건조기,9,10
장  안  구,영농형태: 논벼,이앙기,37,42
장  안  구,영농형태: 논벼,정미기,26,28
권  선  구,영농형태: 논벼,경운기,245,265
권  선  구,영농형태: 논벼,트랙터,125,127
권  선  구,영농형태: 논벼,콤바인,80,80
권  선  구,영농형태: 논벼,바인더,20,20
권  선  구,영농형태: 논벼,관리기,56,56
권  선  구,영농형태: 논벼,건조기,56,63
권  선  구,영농형태: 논벼,이앙기,188,205
권  선  구,영농형태: 논벼,정미기,135,139
팔  달  구,영농형태: 논벼,경운기,131,156
팔  달  구,영농형태: 논벼,트랙터,30,32
팔  달  구,영농형태: 논벼,콤바인,28,29
팔  달  구,영농형태: 논벼,바인더,6,6
팔  달  구,영농형태: 논벼,관리기,21,21
팔  달  구,영농형태: 논벼,건조기,20,20
팔  달  구,영농형태: 논벼,이앙기,84,86
팔  달  구,영농형태: 논벼,정미기,45,45
성   남   시,영농형태: 논벼,경운기,92,102
성   남   시,영농형태: 논벼,트랙터,25,26
성   남   시,영농형태: 논벼,콤바인,21,21
성   남   시,영농형태: 논벼,바인더,7,7
성   남   시,영농형태: 논벼,관리기,15,15
성   남   시,영농형태: 논벼,건조기,14,14
성   남   시,영농형태: 논벼,이앙기,49,50
성   남   시,영농형태: 논벼,정미기,43,43
수  정  구,영농형태: 논벼,경운기,31,32
수  정  구,영농형태: 논벼,트랙터,6,7
수  정  구,영농형태: 논벼,콤바인,4,4
수  정  구,영농형태: 논벼,바인더,4,4
수  정  구,영농형태: 논벼,관리기,7,7
수  정  구,영농형태: 논벼,건조기,4,4
수  정  구,영농형태: 논벼,이앙기,17,17
수  정  구,영농형태: 논벼,정미기,19,19
중  원  구,영농형태: 논벼,경운기,7,9
중  원  구,영농형태: 논벼,트랙터,3,3
중  원  구,영농형태: 논벼,콤바인,2,2
중  원  구,영농형태: 논벼,바인더,2,2
중  원  구,영농형태: 논벼,관리기,0,0
중  원  구,영농형태: 논벼,건조기,1,1
중  원  구,영농형태: 논벼,이앙기,3,3
중  원  구,영농형태: 논벼,정미기,3,3
분  당  구,영농형태: 논벼,경운기,54,61
분  당  구,영농형태: 논벼,트랙터,16,16
분  당  구,영농형태: 논벼,콤바인,15,15
분  당  구,영농형태: 논벼,바인더,1,1
분  당  구,영농형태: 논벼,관리기,8,8
분  당  구,영농형태: 논벼,건조기,9,9
분  당  구,영농형태: 논벼,이앙기,29,30
분  당  구,영농형태: 논벼,정미기,21,21
의 정 부 시,영농형태: 논벼,경운기,199,214
의 정 부 시,영농형태: 논벼,트랙터,65,67
의 정 부 시,영농형태: 논벼,콤바인,40,40
의 정 부 시,영농형태: 논벼,바인더,11,11
의 정 부 시,영농형태: 논벼,관리기,41,41
의 정 부 시,영농형태: 논벼,건조기,50,54
의 정 부 시,영농형태: 논벼,이앙기,100,103
의 정 부 시,영농형태: 논벼,정미기,110,111
안   양   시,영농형태: 논벼,경운기,15,17
안   양   시,영농형태: 논벼,트랙터,6,6
안   양   시,영농형태: 논벼,콤바인,3,3
안   양   시,영농형태: 논벼,바인더,2,2
안   양   시,영농형태: 논벼,관리기,1,1
안   양   시,영농형태: 논벼,건조기,1,1
안   양   시,영농형태: 논벼,이앙기,8,8
안   양   시,영농형태: 논벼,정미기,5,5
만  안  구,영농형태: 논벼,경운기,10,10
만  안  구,영농형태: 논벼,트랙터,5,5
만  안  구,영농형태: 논벼,콤바인,2,2
만  안  구,영농형태: 논벼,바인더,1,1
만  안  구,영농형태: 논벼,관리기,1,1
만  안  구,영농형태: 논벼,건조기,1,1
만  안  구,영농형태: 논벼,이앙기,6,6
만  안  구,영농형태: 논벼,정미기,3,3
동  안  구,영농형태: 논벼,경운기,5,7
동  안  구,영농형태: 논벼,트랙터,1,1
동  안  구,영농형태: 논벼,콤바인,1,1
동  안  구,영농형태: 논벼,바인더,1,1
동  안  구,영농형태: 논벼,관리기,0,0
동  안  구,영농형태: 논벼,건조기,0,0
동  안  구,영농형태: 논벼,이앙기,2,2
동  안  구,영농형태: 논벼,정미기,2,2
부   천   시,영농형태: 논벼,경운기,79,86
부   천   시,영농형태: 논벼,트랙터,50,57
부   천   시,영농형태: 논벼,콤바인,27,27
부   천   시,영농형태: 논벼,바인더,2,2
부   천   시,영농형태: 논벼,관리기,19,19
부   천   시,영농형태: 논벼,건조기,25,30
부   천   시,영농형태: 논벼,이앙기,56,57
부   천   시,영농형태: 논벼,정미기,22,22
원  미  구,영농형태: 논벼,경운기,17,17
원  미  구,영농형태: 논벼,트랙터,3,3
원  미  구,영농형태: 논벼,콤바인,1,1
원  미  구,영농형태: 논벼,바인더,2,2
원  미  구,영농형태: 논벼,관리기,2,2
원  미  구,영농형태: 논벼,건조기,1,1
원  미  구,영농형태: 논벼,이앙기,5,5
원  미  구,영농형태: 논벼,정미기,3,3
소  사  구,영농형태: 논벼,경운기,15,19
소  사  구,영농형태: 논벼,트랙터,10,10
소  사  구,영농형태: 논벼,콤바인,5,5
소  사  구,영농형태: 논벼,바인더,0,0
소  사  구,영농형태: 논벼,관리기,3,3
소  사  구,영농형태: 논벼,건조기,5,5
소  사  구,영농형태: 논벼,이앙기,6,6
소  사  구,영농형태: 논벼,정미기,5,5
오  정  구,영농형태: 논벼,경운기,47,50
오  정  구,영농형태: 논벼,트랙터,37,44
오  정  구,영농형태: 논벼,콤바인,21,21
오  정  구,영농형태: 논벼,바인더,0,0
오  정  구,영농형태: 논벼,관리기,14,14
오  정  구,영농형태: 논벼,건조기,19,24
오  정  구,영농형태: 논벼,이앙기,45,46
오  정  구,영농형태: 논벼,정미기,14,14
광   명   시,영농형태: 논벼,경운기,121,135
광   명   시,영농형태: 논벼,트랙터,32,35
광   명   시,영농형태: 논벼,콤바인,29,31
광   명   시,영농형태: 논벼,바인더,7,7
광   명   시,영농형태: 논벼,관리기,14,14
광   명   시,영농형태: 논벼,건조기,18,18
광   명   시,영농형태: 논벼,이앙기,71,73
광   명   시,영농형태: 논벼,정미기,49,49
평   택   시,영농형태: 논벼,경운기,6011,6341
평   택   시,영농형태: 논벼,트랙터,2951,3109
평   택   시,영농형태: 논벼,콤바인,1478,1504
평   택   시,영농형태: 논벼,바인더,167,167
평   택   시,영농형태: 논벼,관리기,734,742
평   택   시,영농형태: 논벼,건조기,1430,1542
평   택   시,영농형태: 논벼,이앙기,4308,4425
평   택   시,영농형태: 논벼,정미기,4220,4232
동 두 천 시,영농형태: 논벼,경운기,164,193
동 두 천 시,영농형태: 논벼,트랙터,45,49
동 두 천 시,영농형태: 논벼,콤바인,24,25
동 두 천 시,영농형태: 논벼,바인더,13,13
동 두 천 시,영농형태: 논벼,관리기,21,21
동 두 천 시,영농형태: 논벼,건조기,28,31
동 두 천 시,영농형태: 논벼,이앙기,66,71
동 두 천 시,영농형태: 논벼,정미기,66,66
안   산   시,영농형태: 논벼,경운기,344,406
안   산   시,영농형태: 논벼,트랙터,133,143
안   산   시,영농형태: 논벼,콤바인,87,92
안   산   시,영농형태: 논벼,바인더,26,27
안   산   시,영농형태: 논벼,관리기,50,50
안   산   시,영농형태: 논벼,건조기,82,90
안   산   시,영농형태: 논벼,이앙기,206,218
안   산   시,영농형태: 논벼,정미기,114,115
고   양   시,영농형태: 논벼,경운기,1245,1322
고   양   시,영농형태: 논벼,트랙터,503,549
고   양   시,영농형태: 논벼,콤바인,295,308
고   양   시,영농형태: 논벼,바인더,85,86
고   양   시,영농형태: 논벼,관리기,199,202
고   양   시,영농형태: 논벼,건조기,312,366
고   양   시,영농형태: 논벼,이앙기,749,786
고   양   시,영농형태: 논벼,정미기,532,538
덕  양  구,영농형태: 논벼,경운기,427,448
덕  양  구,영농형태: 논벼,트랙터,142,153
덕  양  구,영농형태: 논벼,콤바인,105,109
덕  양  구,영농형태: 논벼,바인더,27,27
덕  양  구,영농형태: 논벼,관리기,88,89
덕  양  구,영농형태: 논벼,건조기,89,100
덕  양  구,영농형태: 논벼,이앙기,259,272
덕  양  구,영농형태: 논벼,정미기,156,156
일  산  구,영농형태: 논벼,경운기,818,874
일  산  구,영농형태: 논벼,트랙터,361,396
일  산  구,영농형태: 논벼,콤바인,190,199
일  산  구,영농형태: 논벼,바인더,58,59
일  산  구,영농형태: 논벼,관리기,111,113
일  산  구,영농형태: 논벼,건조기,223,266
일  산  구,영농형태: 논벼,이앙기,490,514
일  산  구,영농형태: 논벼,정미기,376,382
과   천   시,영농형태: 논벼,경운기,36,40
과   천   시,영농형태: 논벼,트랙터,13,14
과   천   시,영농형태: 논벼,콤바인,9,9
과   천   시,영농형태: 논벼,바인더,3,3
과   천   시,영농형태: 논벼,관리기,12,12
과   천   시,영농형태: 논벼,건조기,4,4
과   천   시,영농형태: 논벼,이앙기,18,20
과   천   시,영농형태: 논벼,정미기,16,17
구   리   시,영농형태: 논벼,경운기,3,3
구   리   시,영농형태: 논벼,트랙터,0,0
구   리   시,영농형태: 논벼,콤바인,1,1
구   리   시,영농형태: 논벼,바인더,2,3
구   리   시,영농형태: 논벼,관리기,3,3
구   리   시,영농형태: 논벼,건조기,0,0
구   리   시,영농형태: 논벼,이앙기,1,2
구   리   시,영농형태: 논벼,정미기,0,0
남 양 주 시,영농형태: 논벼,경운기,747,805
남 양 주 시,영농형태: 논벼,트랙터,122,126
남 양 주 시,영농형태: 논벼,콤바인,85,88
남 양 주 시,영농형태: 논벼,바인더,58,59
남 양 주 시,영농형태: 논벼,관리기,64,64
남 양 주 시,영농형태: 논벼,건조기,116,123
남 양 주 시,영농형태: 논벼,이앙기,324,331
남 양 주 시,영농형태: 논벼,정미기,351,352
오   산   시,영농형태: 논벼,경운기,444,479
오   산   시,영농형태: 논벼,트랙터,202,213
오   산   시,영농형태: 논벼,콤바인,128,132
오   산   시,영농형태: 논벼,바인더,19,19
오   산   시,영농형태: 논벼,관리기,61,61
오   산   시,영농형태: 논벼,건조기,147,154
오   산   시,영농형태: 논벼,이앙기,338,353
오   산   시,영농형태: 논벼,정미기,260,260
시   흥   시,영농형태: 논벼,경운기,675,729
시   흥   시,영농형태: 논벼,트랙터,202,208
시   흥   시,영농형태: 논벼,콤바인,99,100
시   흥   시,영농형태: 논벼,바인더,27,27
시   흥   시,영농형태: 논벼,관리기,65,66
시   흥   시,영농형태: 논벼,건조기,146,158
시   흥   시,영농형태: 논벼,이앙기,422,440
시   흥   시,영농형태: 논벼,정미기,216,216
군   포   시,영농형태: 논벼,경운기,134,156
군   포   시,영농형태: 논벼,트랙터,36,36
군   포   시,영농형태: 논벼,콤바인,20,20
군   포   시,영농형태: 논벼,바인더,11,11
군   포   시,영농형태: 논벼,관리기,21,21
군   포   시,영농형태: 논벼,건조기,9,9
군   포   시,영농형태: 논벼,이앙기,63,67
군   포   시,영농형태: 논벼,정미기,46,46
의   왕   시,영농형태: 논벼,경운기,133,172
의   왕   시,영농형태: 논벼,트랙터,23,24
의   왕   시,영농형태: 논벼,콤바인,28,30
의   왕   시,영농형태: 논벼,바인더,11,11
의   왕   시,영농형태: 논벼,관리기,37,37
의   왕   시,영농형태: 논벼,건조기,33,35
의   왕   시,영농형태: 논벼,이앙기,81,82
의   왕   시,영농형태: 논벼,정미기,78,80
하   남   시,영농형태: 논벼,경운기,116,130
하   남   시,영농형태: 논벼,트랙터,19,22
하   남   시,영농형태: 논벼,콤바인,12,12
하   남   시,영농형태: 논벼,바인더,12,12
하   남   시,영농형태: 논벼,관리기,13,13
하   남   시,영농형태: 논벼,건조기,11,12
하   남   시,영농형태: 논벼,이앙기,66,68
하   남   시,영농형태: 논벼,정미기,16,16
용   인   시,영농형태: 논벼,경운기,3087,3272
용   인   시,영농형태: 논벼,트랙터,1126,1156
용   인   시,영농형태: 논벼,콤바인,761,768
용   인   시,영농형태: 논벼,바인더,80,80
용   인   시,영농형태: 논벼,관리기,662,669
용   인   시,영농형태: 논벼,건조기,893,943
용   인   시,영농형태: 논벼,이앙기,2336,2375
용   인   시,영농형태: 논벼,정미기,1652,1656
파   주   시,영농형태: 논벼,경운기,3623,3934
파   주   시,영농형태: 논벼,트랙터,1538,1653
파   주   시,영농형태: 논벼,콤바인,857,889
파   주   시,영농형태: 논벼,바인더,184,187
파   주   시,영농형태: 논벼,관리기,518,529
파   주   시,영농형태: 논벼,건조기,958,1061
파   주   시,영농형태: 논벼,이앙기,2523,2628
파   주   시,영농형태: 논벼,정미기,2177,2187
이   천   시,영농형태: 논벼,경운기,4700,4941
이   천   시,영농형태: 논벼,트랙터,2028,2078
이   천   시,영농형태: 논벼,콤바인,1196,1204
이   천   시,영농형태: 논벼,바인더,58,58
이   천   시,영농형태: 논벼,관리기,805,812
이   천   시,영농형태: 논벼,건조기,1620,1757
이   천   시,영농형태: 논벼,이앙기,3702,3764
이   천   시,영농형태: 논벼,정미기,2438,2445
안   성   시,영농형태: 논벼,경운기,4557,4741
안   성   시,영농형태: 논벼,트랙터,1723,1774
안   성   시,영농형태: 논벼,콤바인,1010,1019
안   성   시,영농형태: 논벼,바인더,98,98
안   성   시,영농형태: 논벼,관리기,860,864
안   성   시,영농형태: 논벼,건조기,1440,1508
안   성   시,영농형태: 논벼,이앙기,3377,3419
안   성   시,영농형태: 논벼,정미기,2695,2701
김   포   시,영농형태: 논벼,경운기,3247,3468
김   포   시,영농형태: 논벼,트랙터,1302,1376
김   포   시,영농형태: 논벼,콤바인,789,803
김   포   시,영농형태: 논벼,바인더,215,215
김   포   시,영농형태: 논벼,관리기,1038,1051
김   포   시,영농형태: 논벼,건조기,886,991
김   포   시,영농형태: 논벼,이앙기,2315,2405
김   포   시,영농형태: 논벼,정미기,1442,1446
양   주   군,영농형태: 논벼,경운기,1361,1440
양   주   군,영농형태: 논벼,트랙터,496,516
양   주   군,영농형태: 논벼,콤바인,290,293
양   주   군,영농형태: 논벼,바인더,79,79
양   주   군,영농형태: 논벼,관리기,119,119
양   주   군,영농형태: 논벼,건조기,412,433
양   주   군,영농형태: 논벼,이앙기,773,785
양   주   군,영농형태: 논벼,정미기,734,738
여   주   군,영농형태: 논벼,경운기,4778,4972
여   주   군,영농형태: 논벼,트랙터,2113,2150
여   주   군,영농형태: 논벼,콤바인,1328,1337
여   주   군,영농형태: 논벼,바인더,94,94
여   주   군,영농형태: 논벼,관리기,606,611
여   주   군,영농형태: 논벼,건조기,1387,1463
여   주   군,영농형태: 논벼,이앙기,3766,3816
여   주   군,영농형태: 논벼,정미기,2449,2452
화   성   군,영농형태: 논벼,경운기,7043,7727
화   성   군,영농형태: 논벼,트랙터,2795,2902
화   성   군,영농형태: 논벼,콤바인,1897,1922
화   성   군,영농형태: 논벼,바인더,325,329
화   성   군,영농형태: 논벼,관리기,1686,1701
화   성   군,영농형태: 논벼,건조기,1932,2110
화   성   군,영농형태: 논벼,이앙기,5686,5876
화   성   군,영농형태: 논벼,정미기,4634,4652
광   주   군,영농형태: 논벼,경운기,1257,1316
광   주   군,영농형태: 논벼,트랙터,329,335
광   주   군,영농형태: 논벼,콤바인,202,206
광   주   군,영농형태: 논벼,바인더,38,38
광   주   군,영농형태: 논벼,관리기,83,83
광   주   군,영농형태: 논벼,건조기,338,345
광   주   군,영농형태: 논벼,이앙기,719,727
광   주   군,영농형태: 논벼,정미기,633,636
연   천   군,영농형태: 논벼,경운기,1673,1820
연   천   군,영농형태: 논벼,트랙터,643,682
연   천   군,영농형태: 논벼,콤바인,370,371
연   천   군,영농형태: 논벼,바인더,51,51
연   천   군,영농형태: 논벼,관리기,262,269
연   천   군,영농형태: 논벼,건조기,411,438
연   천   군,영농형태: 논벼,이앙기,1187,1229
연   천   군,영농형태: 논벼,정미기,1079,1087
포   천   군,영농형태: 논벼,경운기,3068,3241
포   천   군,영농형태: 논벼,트랙터,945,975
포   천   군,영농형태: 논벼,콤바인,363,368
포   천   군,영농형태: 논벼,바인더,182,182
포   천   군,영농형태: 논벼,관리기,347,353
포   천   군,영농형태: 논벼,건조기,522,551
포   천   군,영농형태: 논벼,이앙기,1964,2002
포   천   군,영농형태: 논벼,정미기,1086,1098
가   평   군,영농형태: 논벼,경운기,1393,1540
가   평   군,영농형태: 논벼,트랙터,188,195
가   평   군,영농형태: 논벼,콤바인,166,170
가   평   군,영농형태: 논벼,바인더,231,236
가   평   군,영농형태: 논벼,관리기,177,179
가   평   군,영농형태: 논벼,건조기,196,205
가   평   군,영농형태: 논벼,이앙기,716,735
가   평   군,영농형태: 논벼,정미기,615,616
양   평   군,영농형태: 논벼,경운기,3945,4339
양   평   군,영농형태: 논벼,트랙터,914,946
양   평   군,영농형태: 논벼,콤바인,591,606
양   평   군,영농형태: 논벼,바인더,225,228
양   평   군,영농형태: 논벼,관리기,407,408
양   평   군,영농형태: 논벼,건조기,730,806
양   평   군,영농형태: 논벼,이앙기,2489,2547
양   평   군,영농형태: 논벼,정미기,1666,1669
춘   천   시,영농형태: 논벼,경운기,1573,1758
춘   천   시,영농형태: 논벼,트랙터,317,325
춘   천   시,영농형태: 논벼,콤바인,191,197
춘   천   시,영농형태: 논벼,바인더,438,442
춘   천   시,영농형태: 논벼,관리기,397,404
춘   천   시,영농형태: 논벼,건조기,148,162
춘   천   시,영농형태: 논벼,이앙기,900,922
춘   천   시,영농형태: 논벼,정미기,438,439
원   주   시,영농형태: 논벼,경운기,2940,3245
원   주   시,영농형태: 논벼,트랙터,579,593
원   주   시,영농형태: 논벼,콤바인,363,367
원   주   시,영농형태: 논벼,바인더,357,357
원   주   시,영농형태: 논벼,관리기,819,826
원   주   시,영농형태: 논벼,건조기,711,787
원   주   시,영농형태: 논벼,이앙기,1855,1887
원   주   시,영농형태: 논벼,정미기,1469,1476
강   릉   시,영농형태: 논벼,경운기,2469,2966
강   릉   시,영농형태: 논벼,트랙터,551,581
강   릉   시,영농형태: 논벼,콤바인,278,282
강   릉   시,영농형태: 논벼,바인더,919,925
강   릉   시,영농형태: 논벼,관리기,494,505
강   릉   시,영농형태: 논벼,건조기,143,148
강   릉   시,영농형태: 논벼,이앙기,1540,1573
강   릉   시,영농형태: 논벼,정미기,950,951
동   해   시,영농형태: 논벼,경운기,267,340
동   해   시,영농형태: 논벼,트랙터,29,30
동   해   시,영농형태: 논벼,콤바인,32,36
동   해   시,영농형태: 논벼,바인더,77,79
동   해   시,영농형태: 논벼,관리기,56,60
동   해   시,영농형태: 논벼,건조기,18,21
동   해   시,영농형태: 논벼,이앙기,122,128
동   해   시,영농형태: 논벼,정미기,132,134
태   백   시,영농형태: 논벼,경운기,2,2
태   백   시,영농형태: 논벼,트랙터,0,0
태   백   시,영농형태: 논벼,콤바인,0,0
태   백   시,영농형태: 논벼,바인더,0,0
태   백   시,영농형태: 논벼,관리기,0,0
태   백   시,영농형태: 논벼,건조기,0,0
태   백   시,영농형태: 논벼,이앙기,1,1
태   백   시,영농형태: 논벼,정미기,1,1
속   초   시,영농형태: 논벼,경운기,279,330
속   초   시,영농형태: 논벼,트랙터,50,54
속   초   시,영농형태: 논벼,콤바인,41,41
속   초   시,영농형태: 논벼,바인더,36,37
속   초   시,영농형태: 논벼,관리기,32,35
속   초   시,영농형태: 논벼,건조기,24,27
속   초   시,영농형태: 논벼,이앙기,184,191
속   초   시,영농형태: 논벼,정미기,82,82
삼   척   시,영농형태: 논벼,경운기,878,1079
삼   척   시,영농형태: 논벼,트랙터,125,133
삼   척   시,영농형태: 논벼,콤바인,132,139
삼   척   시,영농형태: 논벼,바인더,161,161
삼   척   시,영농형태: 논벼,관리기,150,152
삼   척   시,영농형태: 논벼,건조기,126,141
삼   척   시,영농형태: 논벼,이앙기,382,417
삼   척   시,영농형태: 논벼,정미기,680,683
홍   천   군,영농형태: 논벼,경운기,3321,3816
홍   천   군,영농형태: 논벼,트랙터,839,855
홍   천   군,영농형태: 논벼,콤바인,439,445
홍   천   군,영농형태: 논벼,바인더,1212,1221
홍   천   군,영농형태: 논벼,관리기,525,534
홍   천   군,영농형태: 논벼,건조기,430,471
홍   천   군,영농형태: 논벼,이앙기,2181,2204
홍   천   군,영농형태: 논벼,정미기,794,796
횡   성   군,영농형태: 논벼,경운기,2388,2766
횡   성   군,영농형태: 논벼,트랙터,570,584
횡   성   군,영농형태: 논벼,콤바인,261,266
횡   성   군,영농형태: 논벼,바인더,617,621
횡   성   군,영농형태: 논벼,관리기,512,515
횡   성   군,영농형태: 논벼,건조기,368,402
횡   성   군,영농형태: 논벼,이앙기,1539,1560
횡   성   군,영농형태: 논벼,정미기,847,853
영   월   군,영농형태: 논벼,경운기,442,490
영   월   군,영농형태: 논벼,트랙터,86,87
영   월   군,영농형태: 논벼,콤바인,57,58
영   월   군,영농형태: 논벼,바인더,72,77
영   월   군,영농형태: 논벼,관리기,117,117
영   월   군,영농형태: 논벼,건조기,304,317
영   월   군,영농형태: 논벼,이앙기,239,242
영   월   군,영농형태: 논벼,정미기,187,187
평   창   군,영농형태: 논벼,경운기,464,512
평   창   군,영농형태: 논벼,트랙터,130,134
평   창   군,영농형태: 논벼,콤바인,72,73
평   창   군,영농형태: 논벼,바인더,78,79
평   창   군,영농형태: 논벼,관리기,179,185
평   창   군,영농형태: 논벼,건조기,148,162
평   창   군,영농형태: 논벼,이앙기,301,308
평   창   군,영농형태: 논벼,정미기,192,195
정   선   군,영농형태: 논벼,경운기,296,331
정   선   군,영농형태: 논벼,트랙터,59,62
정   선   군,영농형태: 논벼,콤바인,27,27
정   선   군,영농형태: 논벼,바인더,119,121
정   선   군,영농형태: 논벼,관리기,58,58
정   선   군,영농형태: 논벼,건조기,57,57
정   선   군,영농형태: 논벼,이앙기,172,174
정   선   군,영농형태: 논벼,정미기,125,125
철   원   군,영농형태: 논벼,경운기,3138,3468
철   원   군,영농형태: 논벼,트랙터,1689,1791
철   원   군,영농형태: 논벼,콤바인,411,416
철   원   군,영농형태: 논벼,바인더,101,103
철   원   군,영농형태: 논벼,관리기,244,247
철   원   군,영농형태: 논벼,건조기,619,818
철   원   군,영농형태: 논벼,이앙기,2508,2588
철   원   군,영농형태: 논벼,정미기,602,609
화   천   군,영농형태: 논벼,경운기,784,945
화   천   군,영농형태: 논벼,트랙터,179,181
화   천   군,영농형태: 논벼,콤바인,118,120
화   천   군,영농형태: 논벼,바인더,256,258
화   천   군,영농형태: 논벼,관리기,138,138
화   천   군,영농형태: 논벼,건조기,79,81
화   천   군,영농형태: 논벼,이앙기,468,479
화   천   군,영농형태: 논벼,정미기,108,108
양   구   군,영농형태: 논벼,경운기,1200,1338
양   구   군,영농형태: 논벼,트랙터,563,581
양   구   군,영농형태: 논벼,콤바인,245,246
양   구   군,영농형태: 논벼,바인더,553,555
양   구   군,영농형태: 논벼,관리기,126,128
양   구   군,영농형태: 논벼,건조기,128,133
양   구   군,영농형태: 논벼,이앙기,949,970
양   구   군,영농형태: 논벼,정미기,115,115
인   제   군,영농형태: 논벼,경운기,712,824
인   제   군,영농형태: 논벼,트랙터,179,180
인   제   군,영농형태: 논벼,콤바인,100,101
인   제   군,영농형태: 논벼,바인더,291,294
인   제   군,영농형태: 논벼,관리기,72,72
인   제   군,영농형태: 논벼,건조기,74,80
인   제   군,영농형태: 논벼,이앙기,496,510
인   제   군,영농형태: 논벼,정미기,86,87
고   성   군,영농형태: 논벼,경운기,1623,1785
고   성   군,영농형태: 논벼,트랙터,793,802
고   성   군,영농형태: 논벼,콤바인,515,517
고   성   군,영농형태: 논벼,바인더,176,177
고   성   군,영농형태: 논벼,관리기,122,122
고   성   군,영농형태: 논벼,건조기,427,445
고   성   군,영농형태: 논벼,이앙기,1255,1291
고   성   군,영농형태: 논벼,정미기,620,623
양   양   군,영농형태: 논벼,경운기,1721,2014
양   양   군,영농형태: 논벼,트랙터,386,392
양   양   군,영농형태: 논벼,콤바인,334,335
양   양   군,영농형태: 논벼,바인더,380,383
양   양   군,영농형태: 논벼,관리기,200,202
양   양   군,영농형태: 논벼,건조기,137,151
양   양   군,영농형태: 논벼,이앙기,1177,1201
양   양   군,영농형태: 논벼,정미기,532,535
청   주   시,영농형태: 논벼,경운기,1037,1098
청   주   시,영농형태: 논벼,트랙터,341,356
청   주   시,영농형태: 논벼,콤바인,220,226
청   주   시,영농형태: 논벼,바인더,39,39
청   주   시,영농형태: 논벼,관리기,290,293
청   주   시,영농형태: 논벼,건조기,332,378
청   주   시,영농형태: 논벼,이앙기,710,742
청   주   시,영농형태: 논벼,정미기,830,831
상  당  구,영농형태: 논벼,경운기,389,412
상  당  구,영농형태: 논벼,트랙터,116,123
상  당  구,영농형태: 논벼,콤바인,75,77
상  당  구,영농형태: 논벼,바인더,12,12
상  당  구,영농형태: 논벼,관리기,105,106
상  당  구,영농형태: 논벼,건조기,101,118
상  당  구,영농형태: 논벼,이앙기,252,266
상  당  구,영농형태: 논벼,정미기,214,214
흥  덕  구,영농형태: 논벼,경운기,648,686
흥  덕  구,영농형태: 논벼,트랙터,225,233
흥  덕  구,영농형태: 논벼,콤바인,145,149
흥  덕  구,영농형태: 논벼,바인더,27,27
흥  덕  구,영농형태: 논벼,관리기,185,187
흥  덕  구,영농형태: 논벼,건조기,231,260
흥  덕  구,영농형태: 논벼,이앙기,458,476
흥  덕  구,영농형태: 논벼,정미기,616,617
충   주   시,영농형태: 논벼,경운기,3242,3426
충   주   시,영농형태: 논벼,트랙터,785,814
충   주   시,영농형태: 논벼,콤바인,468,476
충   주   시,영농형태: 논벼,바인더,52,52
충   주   시,영농형태: 논벼,관리기,993,1007
충   주   시,영농형태: 논벼,건조기,1711,1842
충   주   시,영농형태: 논벼,이앙기,1638,1679
충   주   시,영농형태: 논벼,정미기,1313,1318
제   천   시,영농형태: 논벼,경운기,1125,1262
제   천   시,영농형태: 논벼,트랙터,232,252
제   천   시,영농형태: 논벼,콤바인,151,152
제   천   시,영농형태: 논벼,바인더,128,128
제   천   시,영농형태: 논벼,관리기,473,483
제   천   시,영농형태: 논벼,건조기,706,776
제   천   시,영농형태: 논벼,이앙기,670,693
제   천   시,영농형태: 논벼,정미기,452,454
청   원   군,영농형태: 논벼,경운기,4723,5033
청   원   군,영농형태: 논벼,트랙터,1044,1095
청   원   군,영농형태: 논벼,콤바인,767,779
청   원   군,영농형태: 논벼,바인더,102,103
청   원   군,영농형태: 논벼,관리기,1498,1517
청   원   군,영농형태: 논벼,건조기,2112,2320
청   원   군,영농형태: 논벼,이앙기,2927,3034
청   원   군,영농형태: 논벼,정미기,3302,3305
보   은   군,영농형태: 논벼,경운기,2630,2857
보   은   군,영농형태: 논벼,트랙터,591,607
보   은   군,영농형태: 논벼,콤바인,338,341
보   은   군,영농형태: 논벼,바인더,36,36
보   은   군,영농형태: 논벼,관리기,825,835
보   은   군,영농형태: 논벼,건조기,1441,1514
보   은   군,영농형태: 논벼,이앙기,1254,1272
보   은   군,영농형태: 논벼,정미기,827,828
옥   천   군,영농형태: 논벼,경운기,2085,2253
옥   천   군,영농형태: 논벼,트랙터,350,369
옥   천   군,영농형태: 논벼,콤바인,220,223
옥   천   군,영농형태: 논벼,바인더,112,112
옥   천   군,영농형태: 논벼,관리기,1029,1048
옥   천   군,영농형태: 논벼,건조기,644,692
옥   천   군,영농형태: 논벼,이앙기,799,829
옥   천   군,영농형태: 논벼,정미기,984,985
영   동   군,영농형태: 논벼,경운기,1501,1642
영   동   군,영농형태: 논벼,트랙터,247,260
영   동   군,영농형태: 논벼,콤바인,137,141
영   동   군,영농형태: 논벼,바인더,80,81
영   동   군,영농형태: 논벼,관리기,824,838
영   동   군,영농형태: 논벼,건조기,385,409
영   동   군,영농형태: 논벼,이앙기,475,490
영   동   군,영농형태: 논벼,정미기,584,585
진   천   군,영농형태: 논벼,경운기,2761,2875
진   천   군,영농형태: 논벼,트랙터,629,639
진   천   군,영농형태: 논벼,콤바인,423,427
진   천   군,영농형태: 논벼,바인더,39,39
진   천   군,영농형태: 논벼,관리기,532,540
진   천   군,영농형태: 논벼,건조기,1523,1621
진   천   군,영농형태: 논벼,이앙기,1677,1699
진   천   군,영농형태: 논벼,정미기,1337,1340
괴   산   군,영농형태: 논벼,경운기,1827,1941
괴   산   군,영농형태: 논벼,트랙터,321,326
괴   산   군,영농형태: 논벼,콤바인,242,249
괴   산   군,영농형태: 논벼,바인더,22,23
괴   산   군,영농형태: 논벼,관리기,685,704
괴   산   군,영농형태: 논벼,건조기,1355,1490
괴   산   군,영농형태: 논벼,이앙기,866,898
괴   산   군,영농형태: 논벼,정미기,919,923
음   성   군,영농형태: 논벼,경운기,3158,3280
음   성   군,영농형태: 논벼,트랙터,649,663
음   성   군,영농형태: 논벼,콤바인,409,414
음   성   군,영농형태: 논벼,바인더,36,36
음   성   군,영농형태: 논벼,관리기,941,956
음   성   군,영농형태: 논벼,건조기,1986,2066
음   성   군,영농형태: 논벼,이앙기,1888,1911
음   성   군,영농형태: 논벼,정미기,1197,1197
단   양   군,영농형태: 논벼,경운기,283,311
단   양   군,영농형태: 논벼,트랙터,34,34
단   양   군,영농형태: 논벼,콤바인,22,22
단   양   군,영농형태: 논벼,바인더,42,42
단   양   군,영농형태: 논벼,관리기,113,115
단   양   군,영농형태: 논벼,건조기,180,184
단   양   군,영농형태: 논벼,이앙기,100,103
단   양   군,영농형태: 논벼,정미기,127,130
증평출장소,영농형태: 논벼,경운기,604,625
증평출장소,영농형태: 논벼,트랙터,142,147
증평출장소,영농형태: 논벼,콤바인,99,101
증평출장소,영농형태: 논벼,바인더,24,24
증평출장소,영농형태: 논벼,관리기,197,201
증평출장소,영농형태: 논벼,건조기,342,372
증평출장소,영농형태: 논벼,이앙기,353,365
증평출장소,영농형태: 논벼,정미기,294,294
천   안   시,영농형태: 논벼,경운기,3585,3806
천   안   시,영농형태: 논벼,트랙터,884,925
천   안   시,영농형태: 논벼,콤바인,572,578
천   안   시,영농형태: 논벼,바인더,101,103
천   안   시,영농형태: 논벼,관리기,877,881
천   안   시,영농형태: 논벼,건조기,1299,1370
천   안   시,영농형태: 논벼,이앙기,2015,2056
천   안   시,영농형태: 논벼,정미기,2256,2259
공   주   시,영농형태: 논벼,경운기,4104,4262
공   주   시,영농형태: 논벼,트랙터,765,778
공   주   시,영농형태: 논벼,콤바인,569,580
공   주   시,영농형태: 논벼,바인더,86,87
공   주   시,영농형태: 논벼,관리기,1338,1352
공   주   시,영농형태: 논벼,건조기,1470,1549
공   주   시,영농형태: 논벼,이앙기,2655,2696
공   주   시,영농형태: 논벼,정미기,3032,3036
보   령   시,영농형태: 논벼,경운기,5287,5940
보   령   시,영농형태: 논벼,트랙터,1033,1070
보   령   시,영농형태: 논벼,콤바인,703,718
보   령   시,영농형태: 논벼,바인더,342,343
보   령   시,영농형태: 논벼,관리기,651,655
보   령   시,영농형태: 논벼,건조기,716,758
보   령   시,영농형태: 논벼,이앙기,3055,3118
보   령   시,영농형태: 논벼,정미기,2411,2413
아   산   시,영농형태: 논벼,경운기,5098,5426
아   산   시,영농형태: 논벼,트랙터,1550,1632
아   산   시,영농형태: 논벼,콤바인,919,929
아   산   시,영농형태: 논벼,바인더,109,110
아   산   시,영농형태: 논벼,관리기,1136,1150
아   산   시,영농형태: 논벼,건조기,721,869
아   산   시,영농형태: 논벼,이앙기,3283,3353
아   산   시,영농형태: 논벼,정미기,3359,3369
서   산   시,영농형태: 논벼,경운기,6926,7566
서   산   시,영농형태: 논벼,트랙터,1611,1686
서   산   시,영농형태: 논벼,콤바인,1174,1187
서   산   시,영농형태: 논벼,바인더,526,528
서   산   시,영농형태: 논벼,관리기,1575,1584
서   산   시,영농형태: 논벼,건조기,1204,1325
서   산   시,영농형태: 논벼,이앙기,4283,4390
서   산   시,영농형태: 논벼,정미기,4243,4250
논   산   시,영농형태: 논벼,경운기,3823,4036
논   산   시,영농형태: 논벼,트랙터,1020,1073
논   산   시,영농형태: 논벼,콤바인,714,728
논   산   시,영농형태: 논벼,바인더,68,68
논   산   시,영농형태: 논벼,관리기,2210,2254
논   산   시,영농형태: 논벼,건조기,538,601
논   산   시,영농형태: 논벼,이앙기,2450,2515
논   산   시,영농형태: 논벼,정미기,1606,1618
금   산   군,영농형태: 논벼,경운기,2115,2233
금   산   군,영농형태: 논벼,트랙터,247,255
금   산   군,영농형태: 논벼,콤바인,176,180
금   산   군,영농형태: 논벼,바인더,233,235
금   산   군,영농형태: 논벼,관리기,1375,1414
금   산   군,영농형태: 논벼,건조기,292,322
금   산   군,영농형태: 논벼,이앙기,760,783
금   산   군,영농형태: 논벼,정미기,1876,1877
연   기   군,영농형태: 논벼,경운기,1883,1940
연   기   군,영농형태: 논벼,트랙터,492,511
연   기   군,영농형태: 논벼,콤바인,364,376
연   기   군,영농형태: 논벼,바인더,61,62
연   기   군,영농형태: 논벼,관리기,690,697
연   기   군,영농형태: 논벼,건조기,711,751
연   기   군,영농형태: 논벼,이앙기,1154,1173
연   기   군,영농형태: 논벼,정미기,1561,1564
부   여   군,영농형태: 논벼,경운기,4049,4326
부   여   군,영농형태: 논벼,트랙터,1059,1112
부   여   군,영농형태: 논벼,콤바인,670,679
부   여   군,영농형태: 논벼,바인더,57,57
부   여   군,영농형태: 논벼,관리기,2423,2467
부   여   군,영농형태: 논벼,건조기,907,952
부   여   군,영농형태: 논벼,이앙기,3036,3115
부   여   군,영농형태: 논벼,정미기,2247,2251
서   천   군,영농형태: 논벼,경운기,3983,4717
서   천   군,영농형태: 논벼,트랙터,1009,1077
서   천   군,영농형태: 논벼,콤바인,683,697
서   천   군,영농형태: 논벼,바인더,104,112
서   천   군,영농형태: 논벼,관리기,1188,1207
서   천   군,영농형태: 논벼,건조기,827,923
서   천   군,영농형태: 논벼,이앙기,2582,2738
서   천   군,영농형태: 논벼,정미기,2392,2403
청   양   군,영농형태: 논벼,경운기,3299,3517
청   양   군,영농형태: 논벼,트랙터,604,623
청   양   군,영농형태: 논벼,콤바인,504,510
청   양   군,영농형태: 논벼,바인더,77,77
청   양   군,영농형태: 논벼,관리기,1201,1217
청   양   군,영농형태: 논벼,건조기,2339,2413
청   양   군,영농형태: 논벼,이앙기,2064,2095
청   양   군,영농형태: 논벼,정미기,1872,1874
홍   성   군,영농형태: 논벼,경운기,5258,5847
홍   성   군,영농형태: 논벼,트랙터,991,1016
홍   성   군,영농형태: 논벼,콤바인,793,799
홍   성   군,영농형태: 논벼,바인더,997,1003
홍   성   군,영농형태: 논벼,관리기,1706,1727
홍   성   군,영농형태: 논벼,건조기,1057,1085
홍   성   군,영농형태: 논벼,이앙기,2776,2814
홍   성   군,영농형태: 논벼,정미기,2547,2549
예   산   군,영농형태: 논벼,경운기,5978,6330
예   산   군,영농형태: 논벼,트랙터,1697,1742
예   산   군,영농형태: 논벼,콤바인,1059,1069
예   산   군,영농형태: 논벼,바인더,128,128
예   산   군,영농형태: 논벼,관리기,2418,2437
예   산   군,영농형태: 논벼,건조기,969,1017
예   산   군,영농형태: 논벼,이앙기,2919,2946
예   산   군,영농형태: 논벼,정미기,2404,2410
태   안   군,영농형태: 논벼,경운기,4281,4671
태   안   군,영농형태: 논벼,트랙터,809,832
태   안   군,영농형태: 논벼,콤바인,599,608
태   안   군,영농형태: 논벼,바인더,93,93
태   안   군,영농형태: 논벼,관리기,817,821
태   안   군,영농형태: 논벼,건조기,665,715
태   안   군,영농형태: 논벼,이앙기,2586,2620
태   안   군,영농형태: 논벼,정미기,3536,3541
당   진   군,영농형태: 논벼,경운기,7851,8255
당   진   군,영농형태: 논벼,트랙터,2550,2654
당   진   군,영농형태: 논벼,콤바인,1705,1725
당   진   군,영농형태: 논벼,바인더,283,286
당   진   군,영농형태: 논벼,관리기,1680,1692
당   진   군,영농형태: 논벼,건조기,1591,1845
당   진   군,영농형태: 논벼,이앙기,5519,5647
당   진   군,영농형태: 논벼,정미기,4898,4913
계룡출장소,영농형태: 논벼,경운기,122,125
계룡출장소,영농형태: 논벼,트랙터,25,25
계룡출장소,영농형태: 논벼,콤바인,15,15
계룡출장소,영농형태: 논벼,바인더,0,0
계룡출장소,영농형태: 논벼,관리기,71,72
계룡출장소,영농형태: 논벼,건조기,7,7
계룡출장소,영농형태: 논벼,이앙기,78,79
계룡출장소,영농형태: 논벼,정미기,22,22
전   주   시,영농형태: 논벼,경운기,1241,1389
전   주   시,영농형태: 논벼,트랙터,297,331
전   주   시,영농형태: 논벼,콤바인,203,209
전   주   시,영농형태: 논벼,바인더,23,24
전   주   시,영농형태: 논벼,관리기,540,559
전   주   시,영농형태: 논벼,건조기,221,242
전   주   시,영농형태: 논벼,이앙기,483,504
전   주   시,영농형태: 논벼,정미기,322,329
완  산  구,영농형태: 논벼,경운기,424,491
완  산  구,영농형태: 논벼,트랙터,103,110
완  산  구,영농형태: 논벼,콤바인,61,62
완  산  구,영농형태: 논벼,바인더,5,5
완  산  구,영농형태: 논벼,관리기,249,261
완  산  구,영농형태: 논벼,건조기,61,71
완  산  구,영농형태: 논벼,이앙기,160,166
완  산  구,영농형태: 논벼,정미기,129,132
덕  진  구,영농형태: 논벼,경운기,817,898
덕  진  구,영농형태: 논벼,트랙터,194,221
덕  진  구,영농형태: 논벼,콤바인,142,147
덕  진  구,영농형태: 논벼,바인더,18,19
덕  진  구,영농형태: 논벼,관리기,291,298
덕  진  구,영농형태: 논벼,건조기,160,171
덕  진  구,영농형태: 논벼,이앙기,323,338
덕  진  구,영농형태: 논벼,정미기,193,197
군   산   시,영농형태: 논벼,경운기,3206,3465
군   산   시,영농형태: 논벼,트랙터,1299,1608
군   산   시,영농형태: 논벼,콤바인,836,876
군   산   시,영농형태: 논벼,바인더,89,89
군   산   시,영농형태: 논벼,관리기,1178,1206
군   산   시,영농형태: 논벼,건조기,1105,1262
군   산   시,영농형태: 논벼,이앙기,1747,1840
군   산   시,영농형태: 논벼,정미기,3227,3229
익   산   시,영농형태: 논벼,경운기,5488,5979
익   산   시,영농형태: 논벼,트랙터,1849,2061
익   산   시,영농형태: 논벼,콤바인,1237,1278
익   산   시,영농형태: 논벼,바인더,101,102
익   산   시,영농형태: 논벼,관리기,2291,2336
익   산   시,영농형태: 논벼,건조기,1250,1477
익   산   시,영농형태: 논벼,이앙기,3462,3606
익   산   시,영농형태: 논벼,정미기,2827,2837
정   읍   시,영농형태: 논벼,경운기,5275,5793
정   읍   시,영농형태: 논벼,트랙터,1541,1679
정   읍   시,영농형태: 논벼,콤바인,987,1014
정   읍   시,영농형태: 논벼,바인더,75,76
정   읍   시,영농형태: 논벼,관리기,1875,1906
정   읍   시,영농형태: 논벼,건조기,1369,1486
정   읍   시,영농형태: 논벼,이앙기,3056,3158
정   읍   시,영농형태: 논벼,정미기,3195,3197
남   원   시,영농형태: 논벼,경운기,5432,6059
남   원   시,영농형태: 논벼,트랙터,1314,1339
남   원   시,영농형태: 논벼,콤바인,669,678
남   원   시,영농형태: 논벼,바인더,28,28
남   원   시,영농형태: 논벼,관리기,1546,1566
남   원   시,영농형태: 논벼,건조기,648,662
남   원   시,영농형태: 논벼,이앙기,3179,3215
남   원   시,영농형태: 논벼,정미기,2095,2095
김   제   시,영농형태: 논벼,경운기,6225,6648
김   제   시,영농형태: 논벼,트랙터,2379,2663
김   제   시,영농형태: 논벼,콤바인,1385,1414
김   제   시,영농형태: 논벼,바인더,114,114
김   제   시,영농형태: 논벼,관리기,2578,2634
김   제   시,영농형태: 논벼,건조기,1872,2024
김   제   시,영농형태: 논벼,이앙기,3590,3698
김   제   시,영농형태: 논벼,정미기,2697,2709
완   주   군,영농형태: 논벼,경운기,3114,3296
완   주   군,영농형태: 논벼,트랙터,620,637
완   주   군,영농형태: 논벼,콤바인,421,426
완   주   군,영농형태: 논벼,바인더,37,37
완   주   군,영농형태: 논벼,관리기,1360,1378
완   주   군,영농형태: 논벼,건조기,845,864
완   주   군,영농형태: 논벼,이앙기,1123,1143
완   주   군,영농형태: 논벼,정미기,891,891
진   안   군,영농형태: 논벼,경운기,2170,2254
진   안   군,영농형태: 논벼,트랙터,492,496
진   안   군,영농형태: 논벼,콤바인,211,211
진   안   군,영농형태: 논벼,바인더,48,48
진   안   군,영농형태: 논벼,관리기,1246,1278
진   안   군,영농형태: 논벼,건조기,1157,1179
진   안   군,영농형태: 논벼,이앙기,985,996
진   안   군,영농형태: 논벼,정미기,788,789
무   주   군,영농형태: 논벼,경운기,1059,1109
무   주   군,영농형태: 논벼,트랙터,169,171
무   주   군,영농형태: 논벼,콤바인,88,92
무   주   군,영농형태: 논벼,바인더,42,42
무   주   군,영농형태: 논벼,관리기,572,582
무   주   군,영농형태: 논벼,건조기,266,281
무   주   군,영농형태: 논벼,이앙기,386,393
무   주   군,영농형태: 논벼,정미기,318,318
장   수   군,영농형태: 논벼,경운기,1846,1993
장   수   군,영농형태: 논벼,트랙터,414,417
장   수   군,영농형태: 논벼,콤바인,193,195
장   수   군,영농형태: 논벼,바인더,21,21
장   수   군,영농형태: 논벼,관리기,569,572
장   수   군,영농형태: 논벼,건조기,168,168
장   수   군,영농형태: 논벼,이앙기,873,884
장   수   군,영농형태: 논벼,정미기,449,449
임   실   군,영농형태: 논벼,경운기,2326,2526
임   실   군,영농형태: 논벼,트랙터,435,449
임   실   군,영농형태: 논벼,콤바인,299,300
임   실   군,영농형태: 논벼,바인더,30,30
임   실   군,영농형태: 논벼,관리기,563,568
임   실   군,영농형태: 논벼,건조기,1134,1159
임   실   군,영농형태: 논벼,이앙기,1132,1158
임   실   군,영농형태: 논벼,정미기,430,438
순   창   군,영농형태: 논벼,경운기,3474,4114
순   창   군,영농형태: 논벼,트랙터,712,738
순   창   군,영농형태: 논벼,콤바인,456,462
순   창   군,영농형태: 논벼,바인더,20,20
순   창   군,영농형태: 논벼,관리기,528,533
순   창   군,영농형태: 논벼,건조기,863,889
순   창   군,영농형태: 논벼,이앙기,1874,1924
순   창   군,영농형태: 논벼,정미기,1027,1028
고   창   군,영농형태: 논벼,경운기,5605,6546
고   창   군,영농형태: 논벼,트랙터,1119,1204
고   창   군,영농형태: 논벼,콤바인,763,790
고   창   군,영농형태: 논벼,바인더,37,38
고   창   군,영농형태: 논벼,관리기,1112,1122
고   창   군,영농형태: 논벼,건조기,873,910
고   창   군,영농형태: 논벼,이앙기,2812,2942
고   창   군,영농형태: 논벼,정미기,2299,2305
부   안   군,영농형태: 논벼,경운기,4312,4674
부   안   군,영농형태: 논벼,트랙터,1438,1602
부   안   군,영농형태: 논벼,콤바인,842,871
부   안   군,영농형태: 논벼,바인더,59,59
부   안   군,영농형태: 논벼,관리기,947,958
부   안   군,영농형태: 논벼,건조기,1172,1431
부   안   군,영농형태: 논벼,이앙기,2178,2272
부   안   군,영농형태: 논벼,정미기,1874,1880
목   포   시,영농형태: 논벼,경운기,177,216
목   포   시,영농형태: 논벼,트랙터,45,45
목   포   시,영농형태: 논벼,콤바인,34,34
목   포   시,영농형태: 논벼,바인더,5,5
목   포   시,영농형태: 논벼,관리기,61,63
목   포   시,영농형태: 논벼,건조기,18,20
목   포   시,영농형태: 논벼,이앙기,83,89
목   포   시,영농형태: 논벼,정미기,162,163
여   수   시,영농형태: 논벼,경운기,2163,2569
여   수   시,영농형태: 논벼,트랙터,173,176
여   수   시,영농형태: 논벼,콤바인,187,195
여   수   시,영농형태: 논벼,바인더,39,40
여   수   시,영농형태: 논벼,관리기,897,922
여   수   시,영농형태: 논벼,건조기,127,143
여   수   시,영농형태: 논벼,이앙기,874,916
여   수   시,영농형태: 논벼,정미기,2629,2632
순   천   시,영농형태: 논벼,경운기,4245,4922
순   천   시,영농형태: 논벼,트랙터,477,508
순   천   시,영농형태: 논벼,콤바인,464,479
순   천   시,영농형태: 논벼,바인더,73,73
순   천   시,영농형태: 논벼,관리기,2016,2064
순   천   시,영농형태: 논벼,건조기,720,754
순   천   시,영농형태: 논벼,이앙기,1756,1803
순   천   시,영농형태: 논벼,정미기,2515,2515
나   주   시,영농형태: 논벼,경운기,5643,6446
나   주   시,영농형태: 논벼,트랙터,1486,1639
나   주   시,영농형태: 논벼,콤바인,812,842
나   주   시,영농형태: 논벼,바인더,67,67
나   주   시,영농형태: 논벼,관리기,959,978
나   주   시,영농형태: 논벼,건조기,1209,1267
나   주   시,영농형태: 논벼,이앙기,2301,2387
나   주   시,영농형태: 논벼,정미기,4383,4387
광   양   시,영농형태: 논벼,경운기,2212,2504
광   양   시,영농형태: 논벼,트랙터,226,228
광   양   시,영농형태: 논벼,콤바인,235,240
광   양   시,영농형태: 논벼,바인더,45,45
광   양   시,영농형태: 논벼,관리기,783,795
광   양   시,영농형태: 논벼,건조기,143,146
광   양   시,영농형태: 논벼,이앙기,748,781
광   양   시,영농형태: 논벼,정미기,1826,1830
담   양   군,영농형태: 논벼,경운기,2799,3002
담   양   군,영농형태: 논벼,트랙터,511,541
담   양   군,영농형태: 논벼,콤바인,324,335
담   양   군,영농형태: 논벼,바인더,28,29
담   양   군,영농형태: 논벼,관리기,568,573
담   양   군,영농형태: 논벼,건조기,347,368
담   양   군,영농형태: 논벼,이앙기,1146,1173
담   양   군,영농형태: 논벼,정미기,1035,1038
곡   성   군,영농형태: 논벼,경운기,2741,3114
곡   성   군,영농형태: 논벼,트랙터,426,447
곡   성   군,영농형태: 논벼,콤바인,287,297
곡   성   군,영농형태: 논벼,바인더,23,23
곡   성   군,영농형태: 논벼,관리기,909,926
곡   성   군,영농형태: 논벼,건조기,282,292
곡   성   군,영농형태: 논벼,이앙기,1212,1238
곡   성   군,영농형태: 논벼,정미기,751,754
구   례   군,영농형태: 논벼,경운기,1687,1928
구   례   군,영농형태: 논벼,트랙터,206,217
구   례   군,영농형태: 논벼,콤바인,212,218
구   례   군,영농형태: 논벼,바인더,30,30
구   례   군,영농형태: 논벼,관리기,454,458
구   례   군,영농형태: 논벼,건조기,399,423
구   례   군,영농형태: 논벼,이앙기,769,783
구   례   군,영농형태: 논벼,정미기,602,603
고   흥   군,영농형태: 논벼,경운기,6409,7383
고   흥   군,영농형태: 논벼,트랙터,1002,1065
고   흥   군,영농형태: 논벼,콤바인,849,873
고   흥   군,영농형태: 논벼,바인더,98,98
고   흥   군,영농형태: 논벼,관리기,1984,2025
고   흥   군,영농형태: 논벼,건조기,820,854
고   흥   군,영농형태: 논벼,이앙기,2581,2652
고   흥   군,영농형태: 논벼,정미기,3432,3434
보   성   군,영농형태: 논벼,경운기,4064,4821
보   성   군,영농형태: 논벼,트랙터,866,899
보   성   군,영농형태: 논벼,콤바인,595,607
보   성   군,영농형태: 논벼,바인더,66,69
보   성   군,영농형태: 논벼,관리기,1046,1067
보   성   군,영농형태: 논벼,건조기,1063,1141
보   성   군,영농형태: 논벼,이앙기,2160,2217
보   성   군,영농형태: 논벼,정미기,1890,1896
화   순   군,영농형태: 논벼,경운기,2997,3412
화   순   군,영농형태: 논벼,트랙터,607,628
화   순   군,영농형태: 논벼,콤바인,491,509
화   순   군,영농형태: 논벼,바인더,52,54
화   순   군,영농형태: 논벼,관리기,719,739
화   순   군,영농형태: 논벼,건조기,732,763
화   순   군,영농형태: 논벼,이앙기,1411,1449
화   순   군,영농형태: 논벼,정미기,1963,1969
장   흥   군,영농형태: 논벼,경운기,4324,4995
장   흥   군,영농형태: 논벼,트랙터,1220,1311
장   흥   군,영농형태: 논벼,콤바인,673,694
장   흥   군,영농형태: 논벼,바인더,59,59
장   흥   군,영농형태: 논벼,관리기,991,1014
장   흥   군,영농형태: 논벼,건조기,1701,1910
장   흥   군,영농형태: 논벼,이앙기,2021,2062
장   흥   군,영농형태: 논벼,정미기,2016,2021
강   진   군,영농형태: 논벼,경운기,4331,4884
강   진   군,영농형태: 논벼,트랙터,1144,1182
강   진   군,영농형태: 논벼,콤바인,639,654
강   진   군,영농형태: 논벼,바인더,56,56
강   진   군,영농형태: 논벼,관리기,826,840
강   진   군,영농형태: 논벼,건조기,1279,1352
강   진   군,영농형태: 논벼,이앙기,2140,2179
강   진   군,영농형태: 논벼,정미기,3103,3111
해   남   군,영농형태: 논벼,경운기,7589,8409
해   남   군,영농형태: 논벼,트랙터,2165,2240
해   남   군,영농형태: 논벼,콤바인,1356,1380
해   남   군,영농형태: 논벼,바인더,83,83
해   남   군,영농형태: 논벼,관리기,1534,1547
해   남   군,영농형태: 논벼,건조기,2638,2791
해   남   군,영농형태: 논벼,이앙기,4425,4493
해   남   군,영농형태: 논벼,정미기,6970,6974
영   암   군,영농형태: 논벼,경운기,5755,7032
영   암   군,영농형태: 논벼,트랙터,1695,1822
영   암   군,영농형태: 논벼,콤바인,991,1022
영   암   군,영농형태: 논벼,바인더,70,70
영   암   군,영농형태: 논벼,관리기,823,836
영   암   군,영농형태: 논벼,건조기,1343,1390
영   암   군,영농형태: 논벼,이앙기,2739,2832
영   암   군,영농형태: 논벼,정미기,4704,4709
무   안   군,영농형태: 논벼,경운기,3471,4022
무   안   군,영농형태: 논벼,트랙터,830,894
무   안   군,영농형태: 논벼,콤바인,463,479
무   안   군,영농형태: 논벼,바인더,37,38
무   안   군,영농형태: 논벼,관리기,441,457
무   안   군,영농형태: 논벼,건조기,481,500
무   안   군,영농형태: 논벼,이앙기,1346,1408
무   안   군,영농형태: 논벼,정미기,2483,2487
함   평   군,영농형태: 논벼,경운기,4073,4576
함   평   군,영농형태: 논벼,트랙터,916,963
함   평   군,영농형태: 논벼,콤바인,580,600
함   평   군,영농형태: 논벼,바인더,69,69
함   평   군,영농형태: 논벼,관리기,451,455
함   평   군,영농형태: 논벼,건조기,983,1023
함   평   군,영농형태: 논벼,이앙기,1964,2034
함   평   군,영농형태: 논벼,정미기,2712,2717
영   광   군,영농형태: 논벼,경운기,4332,4994
영   광   군,영농형태: 논벼,트랙터,928,996
영   광   군,영농형태: 논벼,콤바인,555,569
영   광   군,영농형태: 논벼,바인더,44,44
영   광   군,영농형태: 논벼,관리기,851,883
영   광   군,영농형태: 논벼,건조기,1115,1186
영   광   군,영농형태: 논벼,이앙기,1992,2055
영   광   군,영농형태: 논벼,정미기,1775,1778
장   성   군,영농형태: 논벼,경운기,2710,3085
장   성   군,영농형태: 논벼,트랙터,630,675
장   성   군,영농형태: 논벼,콤바인,388,408
장   성   군,영농형태: 논벼,바인더,34,34
장   성   군,영농형태: 논벼,관리기,801,816
장   성   군,영농형태: 논벼,건조기,373,386
장   성   군,영농형태: 논벼,이앙기,1303,1345
장   성   군,영농형태: 논벼,정미기,1519,1523
완   도   군,영농형태: 논벼,경운기,2670,3111
완   도   군,영농형태: 논벼,트랙터,211,214
완   도   군,영농형태: 논벼,콤바인,233,245
완   도   군,영농형태: 논벼,바인더,91,91
완   도   군,영농형태: 논벼,관리기,743,756
완   도   군,영농형태: 논벼,건조기,306,336
완   도   군,영농형태: 논벼,이앙기,945,961
완   도   군,영농형태: 논벼,정미기,2490,2492
진   도   군,영농형태: 논벼,경운기,2770,3079
진   도   군,영농형태: 논벼,트랙터,560,572
진   도   군,영농형태: 논벼,콤바인,326,332
진   도   군,영농형태: 논벼,바인더,138,140
진   도   군,영농형태: 논벼,관리기,1458,1492
진   도   군,영농형태: 논벼,건조기,1034,1105
진   도   군,영농형태: 논벼,이앙기,1177,1201
진   도   군,영농형태: 논벼,정미기,1989,1990
신   안   군,영농형태: 논벼,경운기,4984,5479
신   안   군,영농형태: 논벼,트랙터,1019,1052
신   안   군,영농형태: 논벼,콤바인,741,763
신   안   군,영농형태: 논벼,바인더,111,112
신   안   군,영농형태: 논벼,관리기,752,765
신   안   군,영농형태: 논벼,건조기,916,962
신   안   군,영농형태: 논벼,이앙기,2564,2608
신   안   군,영농형태: 논벼,정미기,4627,4630
포   항   시,영농형태: 논벼,경운기,4688,5465
포   항   시,영농형태: 논벼,트랙터,1081,1108
포   항   시,영농형태: 논벼,콤바인,758,770
포   항   시,영농형태: 논벼,바인더,1553,1567
포   항   시,영농형태: 논벼,관리기,1235,1248
포   항   시,영농형태: 논벼,건조기,605,627
포   항   시,영농형태: 논벼,이앙기,2818,2880
포   항   시,영농형태: 논벼,정미기,5391,5396
남       구,영농형태: 논벼,경운기,1773,2091
남       구,영농형태: 논벼,트랙터,215,222
남       구,영농형태: 논벼,콤바인,182,189
남       구,영농형태: 논벼,바인더,310,314
남       구,영농형태: 논벼,관리기,395,397
남       구,영농형태: 논벼,건조기,105,106
남       구,영농형태: 논벼,이앙기,931,960
남       구,영농형태: 논벼,정미기,2300,2304
북       구,영농형태: 논벼,경운기,2915,3374
북       구,영농형태: 논벼,트랙터,866,886
북       구,영농형태: 논벼,콤바인,576,581
북       구,영농형태: 논벼,바인더,1243,1253
북       구,영농형태: 논벼,관리기,840,851
북       구,영농형태: 논벼,건조기,500,521
북       구,영농형태: 논벼,이앙기,1887,1920
북       구,영농형태: 논벼,정미기,3091,3092
경   주   시,영농형태: 논벼,경운기,9290,10481
경   주   시,영농형태: 논벼,트랙터,1596,1624
경   주   시,영농형태: 논벼,콤바인,1049,1055
경   주   시,영농형태: 논벼,바인더,4992,5042
경   주   시,영농형태: 논벼,관리기,2592,2608
경   주   시,영농형태: 논벼,건조기,598,619
경   주   시,영농형태: 논벼,이앙기,6058,6122
경   주   시,영농형태: 논벼,정미기,6778,6782
김   천   시,영농형태: 논벼,경운기,2830,3017
김   천   시,영농형태: 논벼,트랙터,569,578
김   천   시,영농형태: 논벼,콤바인,300,301
김   천   시,영농형태: 논벼,바인더,254,254
김   천   시,영농형태: 논벼,관리기,1913,1933
김   천   시,영농형태: 논벼,건조기,316,333
김   천   시,영농형태: 논벼,이앙기,1137,1146
김   천   시,영농형태: 논벼,정미기,1171,1171
안   동   시,영농형태: 논벼,경운기,3420,3717
안   동   시,영농형태: 논벼,트랙터,541,558
안   동   시,영농형태: 논벼,콤바인,277,281
안   동   시,영농형태: 논벼,바인더,100,100
안   동   시,영농형태: 논벼,관리기,1866,1892
안   동   시,영농형태: 논벼,건조기,1686,1735
안   동   시,영농형태: 논벼,이앙기,1535,1572
안   동   시,영농형태: 논벼,정미기,1334,1334
구   미   시,영농형태: 논벼,경운기,5121,5847
구   미   시,영농형태: 논벼,트랙터,1368,1410
구   미   시,영농형태: 논벼,콤바인,798,802
구   미   시,영농형태: 논벼,바인더,426,426
구   미   시,영농형태: 논벼,관리기,2045,2073
구   미   시,영농형태: 논벼,건조기,428,444
구   미   시,영농형태: 논벼,이앙기,2984,3028
구   미   시,영농형태: 논벼,정미기,1494,1497
영   주   시,영농형태: 논벼,경운기,2782,3098
영   주   시,영농형태: 논벼,트랙터,560,573
영   주   시,영농형태: 논벼,콤바인,285,287
영   주   시,영농형태: 논벼,바인더,93,94
영   주   시,영농형태: 논벼,관리기,1676,1711
영   주   시,영농형태: 논벼,건조기,951,1026
영   주   시,영농형태: 논벼,이앙기,1300,1344
영   주   시,영농형태: 논벼,정미기,852,856
영   천   시,영농형태: 논벼,경운기,2715,2969
영   천   시,영농형태: 논벼,트랙터,343,354
영   천   시,영농형태: 논벼,콤바인,235,238
영   천   시,영농형태: 논벼,바인더,519,521
영   천   시,영농형태: 논벼,관리기,1621,1631
영   천   시,영농형태: 논벼,건조기,442,475
영   천   시,영농형태: 논벼,이앙기,961,970
영   천   시,영농형태: 논벼,정미기,1803,1803
상   주   시,영농형태: 논벼,경운기,9015,9723
상   주   시,영농형태: 논벼,트랙터,2260,2279
상   주   시,영농형태: 논벼,콤바인,1152,1152
상   주   시,영농형태: 논벼,바인더,205,206
상   주   시,영농형태: 논벼,관리기,4624,4653
상   주   시,영농형태: 논벼,건조기,1841,1898
상   주   시,영농형태: 논벼,이앙기,4977,5012
상   주   시,영농형태: 논벼,정미기,2899,2906
문   경   시,영농형태: 논벼,경운기,3221,3521
문   경   시,영농형태: 논벼,트랙터,626,635
문   경   시,영농형태: 논벼,콤바인,327,333
문   경   시,영농형태: 논벼,바인더,43,43
문   경   시,영농형태: 논벼,관리기,998,1012
문   경   시,영농형태: 논벼,건조기,983,1030
문   경   시,영농형태: 논벼,이앙기,1415,1449
문   경   시,영농형태: 논벼,정미기,866,867
경   산   시,영농형태: 논벼,경운기,662,742
경   산   시,영농형태: 논벼,트랙터,79,88
경   산   시,영농형태: 논벼,콤바인,70,71
경   산   시,영농형태: 논벼,바인더,114,115
경   산   시,영농형태: 논벼,관리기,394,398
경   산   시,영농형태: 논벼,건조기,84,93
경   산   시,영농형태: 논벼,이앙기,222,230
경   산   시,영농형태: 논벼,정미기,227,228
군   위   군,영농형태: 논벼,경운기,2253,2530
군   위   군,영농형태: 논벼,트랙터,297,301
군   위   군,영농형태: 논벼,콤바인,166,168
군   위   군,영농형태: 논벼,바인더,268,269
군   위   군,영농형태: 논벼,관리기,1580,1596
군   위   군,영농형태: 논벼,건조기,469,474
군   위   군,영농형태: 논벼,이앙기,996,1000
군   위   군,영농형태: 논벼,정미기,1094,1097
의   성   군,영농형태: 논벼,경운기,5586,6617
의   성   군,영농형태: 논벼,트랙터,1726,1764
의   성   군,영농형태: 논벼,콤바인,865,870
의   성   군,영농형태: 논벼,바인더,780,783
의   성   군,영농형태: 논벼,관리기,3284,3322
의   성   군,영농형태: 논벼,건조기,1684,1715
의   성   군,영농형태: 논벼,이앙기,3552,3588
의   성   군,영농형태: 논벼,정미기,2507,2507
청   송   군,영농형태: 논벼,경운기,630,733
청   송   군,영농형태: 논벼,트랙터,78,81
청   송   군,영농형태: 논벼,콤바인,47,47
청   송   군,영농형태: 논벼,바인더,29,29
청   송   군,영농형태: 논벼,관리기,325,337
청   송   군,영농형태: 논벼,건조기,580,638
청   송   군,영농형태: 논벼,이앙기,191,193
청   송   군,영농형태: 논벼,정미기,265,265
영   양   군,영농형태: 논벼,경운기,276,317
영   양   군,영농형태: 논벼,트랙터,33,34
영   양   군,영농형태: 논벼,콤바인,32,34
영   양   군,영농형태: 논벼,바인더,3,3
영   양   군,영농형태: 논벼,관리기,149,152
영   양   군,영농형태: 논벼,건조기,346,372
영   양   군,영농형태: 논벼,이앙기,74,83
영   양   군,영농형태: 논벼,정미기,78,78
영   덕   군,영농형태: 논벼,경운기,1680,2058
영   덕   군,영농형태: 논벼,트랙터,286,313
영   덕   군,영농형태: 논벼,콤바인,187,193
영   덕   군,영농형태: 논벼,바인더,88,89
영   덕   군,영농형태: 논벼,관리기,630,649
영   덕   군,영농형태: 논벼,건조기,562,620
영   덕   군,영농형태: 논벼,이앙기,616,636
영   덕   군,영농형태: 논벼,정미기,544,545
청   도   군,영농형태: 논벼,경운기,1922,2292
청   도   군,영농형태: 논벼,트랙터,288,294
청   도   군,영농형태: 논벼,콤바인,183,185
청   도   군,영농형태: 논벼,바인더,1055,1069
청   도   군,영농형태: 논벼,관리기,1233,1239
청   도   군,영농형태: 논벼,건조기,453,467
청   도   군,영농형태: 논벼,이앙기,980,990
청   도   군,영농형태: 논벼,정미기,968,969
고   령   군,영농형태: 논벼,경운기,1866,2216
고   령   군,영농형태: 논벼,트랙터,280,287
고   령   군,영농형태: 논벼,콤바인,149,153
고   령   군,영농형태: 논벼,바인더,768,774
고   령   군,영농형태: 논벼,관리기,495,496
고   령   군,영농형태: 논벼,건조기,43,45
고   령   군,영농형태: 논벼,이앙기,984,996
고   령   군,영농형태: 논벼,정미기,673,674
성   주   군,영농형태: 논벼,경운기,1221,1345
성   주   군,영농형태: 논벼,트랙터,142,153
성   주   군,영농형태: 논벼,콤바인,71,78
성   주   군,영농형태: 논벼,바인더,331,333
성   주   군,영농형태: 논벼,관리기,624,628
성   주   군,영농형태: 논벼,건조기,36,39
성   주   군,영농형태: 논벼,이앙기,514,523
성   주   군,영농형태: 논벼,정미기,247,247
칠   곡   군,영농형태: 논벼,경운기,1758,1977
칠   곡   군,영농형태: 논벼,트랙터,218,231
칠   곡   군,영농형태: 논벼,콤바인,154,155
칠   곡   군,영농형태: 논벼,바인더,282,284
칠   곡   군,영농형태: 논벼,관리기,571,576
칠   곡   군,영농형태: 논벼,건조기,55,58
칠   곡   군,영농형태: 논벼,이앙기,761,775
칠   곡   군,영농형태: 논벼,정미기,660,660
예   천   군,영농형태: 논벼,경운기,4308,4895
예   천   군,영농형태: 논벼,트랙터,1074,1094
예   천   군,영농형태: 논벼,콤바인,505,509
예   천   군,영농형태: 논벼,바인더,70,70
예   천   군,영농형태: 논벼,관리기,1642,1662
예   천   군,영농형태: 논벼,건조기,2811,2938
예   천   군,영농형태: 논벼,이앙기,2698,2757
예   천   군,영농형태: 논벼,정미기,1621,1623
봉   화   군,영농형태: 논벼,경운기,1255,1452
봉   화   군,영농형태: 논벼,트랙터,240,245
봉   화   군,영농형태: 논벼,콤바인,105,106
봉   화   군,영농형태: 논벼,바인더,52,52
봉   화   군,영농형태: 논벼,관리기,780,807
봉   화   군,영농형태: 논벼,건조기,814,847
봉   화   군,영농형태: 논벼,이앙기,616,624
봉   화   군,영농형태: 논벼,정미기,243,244
울   진   군,영농형태: 논벼,경운기,2615,2982
울   진   군,영농형태: 논벼,트랙터,398,420
울   진   군,영농형태: 논벼,콤바인,366,382
울   진   군,영농형태: 논벼,바인더,186,186
울   진   군,영농형태: 논벼,관리기,406,410
울   진   군,영농형태: 논벼,건조기,954,1013
울   진   군,영농형태: 논벼,이앙기,1326,1371
울   진   군,영농형태: 논벼,정미기,1238,1238
울   릉   군,영농형태: 논벼,경운기,0,0
울   릉   군,영농형태: 논벼,트랙터,0,0
울   릉   군,영농형태: 논벼,콤바인,0,0
울   릉   군,영농형태: 논벼,바인더,0,0
울   릉   군,영농형태: 논벼,관리기,0,0
울   릉   군,영농형태: 논벼,건조기,0,0
울   릉   군,영농형태: 논벼,이앙기,0,0
울   릉   군,영농형태: 논벼,정미기,0,0
창   원   시,영농형태: 논벼,경운기,1265,1392
창   원   시,영농형태: 논벼,트랙터,266,282
창   원   시,영농형태: 논벼,콤바인,164,166
창   원   시,영농형태: 논벼,바인더,121,122
창   원   시,영농형태: 논벼,관리기,529,533
창   원   시,영농형태: 논벼,건조기,110,117
창   원   시,영농형태: 논벼,이앙기,420,424
창   원   시,영농형태: 논벼,정미기,1073,1075
마   산   시,영농형태: 논벼,경운기,1745,2088
마   산   시,영농형태: 논벼,트랙터,242,249
마   산   시,영농형태: 논벼,콤바인,195,197
마   산   시,영농형태: 논벼,바인더,620,631
마   산   시,영농형태: 논벼,관리기,360,367
마   산   시,영농형태: 논벼,건조기,85,90
마   산   시,영농형태: 논벼,이앙기,741,757
마   산   시,영농형태: 논벼,정미기,1762,1766
합  포  구,영농형태: 논벼,경운기,1546,1870
합  포  구,영농형태: 논벼,트랙터,219,222
합  포  구,영농형태: 논벼,콤바인,173,175
합  포  구,영농형태: 논벼,바인더,588,598
합  포  구,영농형태: 논벼,관리기,304,310
합  포  구,영농형태: 논벼,건조기,80,85
합  포  구,영농형태: 논벼,이앙기,677,693
합  포  구,영농형태: 논벼,정미기,1608,1612
회  원  구,영농형태: 논벼,경운기,199,218
회  원  구,영농형태: 논벼,트랙터,23,27
회  원  구,영농형태: 논벼,콤바인,22,22
회  원  구,영농형태: 논벼,바인더,32,33
회  원  구,영농형태: 논벼,관리기,56,57
회  원  구,영농형태: 논벼,건조기,5,5
회  원  구,영농형태: 논벼,이앙기,64,64
회  원  구,영농형태: 논벼,정미기,154,154
진   주   시,영농형태: 논벼,경운기,4309,4868
진   주   시,영농형태: 논벼,트랙터,607,620
진   주   시,영농형태: 논벼,콤바인,499,506
진   주   시,영농형태: 논벼,바인더,818,818
진   주   시,영농형태: 논벼,관리기,1377,1386
진   주   시,영농형태: 논벼,건조기,390,411
진   주   시,영농형태: 논벼,이앙기,1636,1654
진   주   시,영농형태: 논벼,정미기,4056,4062
진   해   시,영농형태: 논벼,경운기,294,360
진   해   시,영농형태: 논벼,트랙터,51,53
진   해   시,영농형태: 논벼,콤바인,37,39
진   해   시,영농형태: 논벼,바인더,44,44
진   해   시,영농형태: 논벼,관리기,100,102
진   해   시,영농형태: 논벼,건조기,19,21
진   해   시,영농형태: 논벼,이앙기,125,129
진   해   시,영농형태: 논벼,정미기,282,284
통   영   시,영농형태: 논벼,경운기,623,727
통   영   시,영농형태: 논벼,트랙터,66,69
통   영   시,영농형태: 논벼,콤바인,62,67
통   영   시,영농형태: 논벼,바인더,253,253
통   영   시,영농형태: 논벼,관리기,322,327
통   영   시,영농형태: 논벼,건조기,21,23
통   영   시,영농형태: 논벼,이앙기,252,259
통   영   시,영농형태: 논벼,정미기,834,837
사   천   시,영농형태: 논벼,경운기,4166,4883
사   천   시,영농형태: 논벼,트랙터,684,703
사   천   시,영농형태: 논벼,콤바인,538,550
사   천   시,영농형태: 논벼,바인더,1395,1426
사   천   시,영농형태: 논벼,관리기,1307,1324
사   천   시,영농형태: 논벼,건조기,305,318
사   천   시,영농형태: 논벼,이앙기,1774,1802
사   천   시,영농형태: 논벼,정미기,4136,4136
김   해   시,영농형태: 논벼,경운기,2919,3259
김   해   시,영농형태: 논벼,트랙터,686,746
김   해   시,영농형태: 논벼,콤바인,508,518
김   해   시,영농형태: 논벼,바인더,226,229
김   해   시,영농형태: 논벼,관리기,846,864
김   해   시,영농형태: 논벼,건조기,245,248
김   해   시,영농형태: 논벼,이앙기,1353,1398
김   해   시,영농형태: 논벼,정미기,2250,2254
밀   양   시,영농형태: 논벼,경운기,3279,3546
밀   양   시,영농형태: 논벼,트랙터,629,661
밀   양   시,영농형태: 논벼,콤바인,301,308
밀   양   시,영농형태: 논벼,바인더,984,987
밀   양   시,영농형태: 논벼,관리기,1575,1589
밀   양   시,영농형태: 논벼,건조기,471,484
밀   양   시,영농형태: 논벼,이앙기,1412,1422
밀   양   시,영농형태: 논벼,정미기,3059,3060
거   제   시,영농형태: 논벼,경운기,2050,2311
거   제   시,영농형태: 논벼,트랙터,279,299
거   제   시,영농형태: 논벼,콤바인,314,332
거   제   시,영농형태: 논벼,바인더,278,283
거   제   시,영농형태: 논벼,관리기,798,818
거   제   시,영농형태: 논벼,건조기,210,232
거   제   시,영농형태: 논벼,이앙기,763,793
거   제   시,영농형태: 논벼,정미기,3196,3200
양   산   시,영농형태: 논벼,경운기,1320,1605
양   산   시,영농형태: 논벼,트랙터,184,200
양   산   시,영농형태: 논벼,콤바인,124,132
양   산   시,영농형태: 논벼,바인더,657,673
양   산   시,영농형태: 논벼,관리기,189,196
양   산   시,영농형태: 논벼,건조기,53,55
양   산   시,영농형태: 논벼,이앙기,684,713
양   산   시,영농형태: 논벼,정미기,871,872
의   령   군,영농형태: 논벼,경운기,2527,2860
의   령   군,영농형태: 논벼,트랙터,372,387
의   령   군,영농형태: 논벼,콤바인,285,290
의   령   군,영농형태: 논벼,바인더,572,575
의   령   군,영농형태: 논벼,관리기,433,436
의   령   군,영농형태: 논벼,건조기,326,352
의   령   군,영농형태: 논벼,이앙기,1112,1127
의   령   군,영농형태: 논벼,정미기,2481,2483
함   안   군,영농형태: 논벼,경운기,2699,2941
함   안   군,영농형태: 논벼,트랙터,503,514
함   안   군,영농형태: 논벼,콤바인,352,354
함   안   군,영농형태: 논벼,바인더,392,396
함   안   군,영농형태: 논벼,관리기,1236,1243
함   안   군,영농형태: 논벼,건조기,308,313
함   안   군,영농형태: 논벼,이앙기,1235,1240
함   안   군,영농형태: 논벼,정미기,2792,2800
창   녕   군,영농형태: 논벼,경운기,3874,4400
창   녕   군,영농형태: 논벼,트랙터,837,898
창   녕   군,영농형태: 논벼,콤바인,440,444
창   녕   군,영농형태: 논벼,바인더,1469,1487
창   녕   군,영농형태: 논벼,관리기,2426,2493
창   녕   군,영농형태: 논벼,건조기,781,825
창   녕   군,영농형태: 논벼,이앙기,2046,2059
창   녕   군,영농형태: 논벼,정미기,2539,2545
고   성   군,영농형태: 논벼,경운기,4659,5777
고   성   군,영농형태: 논벼,트랙터,894,940
고   성   군,영농형태: 논벼,콤바인,578,587
고   성   군,영농형태: 논벼,바인더,2603,2655
고   성   군,영농형태: 논벼,관리기,1073,1083
고   성   군,영농형태: 논벼,건조기,409,429
고   성   군,영농형태: 논벼,이앙기,2112,2157
고   성   군,영농형태: 논벼,정미기,3765,3766
남   해   군,영농형태: 논벼,경운기,1631,1997
남   해   군,영농형태: 논벼,트랙터,373,390
남   해   군,영농형태: 논벼,콤바인,241,250
남   해   군,영농형태: 논벼,바인더,440,444
남   해   군,영농형태: 논벼,관리기,519,521
남   해   군,영농형태: 논벼,건조기,235,244
남   해   군,영농형태: 논벼,이앙기,714,738
남   해   군,영농형태: 논벼,정미기,1957,1958
하   동   군,영농형태: 논벼,경운기,3907,4539
하   동   군,영농형태: 논벼,트랙터,667,682
하   동   군,영농형태: 논벼,콤바인,506,515
하   동   군,영농형태: 논벼,바인더,862,865
하   동   군,영농형태: 논벼,관리기,1423,1435
하   동   군,영농형태: 논벼,건조기,350,372
하   동   군,영농형태: 논벼,이앙기,1520,1562
하   동   군,영농형태: 논벼,정미기,4855,4858
산   청   군,영농형태: 논벼,경운기,3982,4860
산   청   군,영농형태: 논벼,트랙터,695,708
산   청   군,영농형태: 논벼,콤바인,489,495
산   청   군,영농형태: 논벼,바인더,1772,1793
산   청   군,영농형태: 논벼,관리기,761,766
산   청   군,영농형태: 논벼,건조기,320,342
산   청   군,영농형태: 논벼,이앙기,1969,2004
산   청   군,영농형태: 논벼,정미기,3321,3323
함   양   군,영농형태: 논벼,경운기,3027,3465
함   양   군,영농형태: 논벼,트랙터,480,483
함   양   군,영농형태: 논벼,콤바인,258,262
함   양   군,영농형태: 논벼,바인더,460,463
함   양   군,영농형태: 논벼,관리기,1457,1481
함   양   군,영농형태: 논벼,건조기,328,355
함   양   군,영농형태: 논벼,이앙기,1120,1137
함   양   군,영농형태: 논벼,정미기,1761,1761
거   창   군,영농형태: 논벼,경운기,3873,4434
거   창   군,영농형태: 논벼,트랙터,574,580
거   창   군,영농형태: 논벼,콤바인,296,296
거   창   군,영농형태: 논벼,바인더,1111,1115
거   창   군,영농형태: 논벼,관리기,1914,1946
거   창   군,영농형태: 논벼,건조기,433,452
거   창   군,영농형태: 논벼,이앙기,1585,1593
거   창   군,영농형태: 논벼,정미기,1749,1750
합   천   군,영농형태: 논벼,경운기,5738,6848
합   천   군,영농형태: 논벼,트랙터,900,920
합   천   군,영농형태: 논벼,콤바인,606,612
합   천   군,영농형태: 논벼,바인더,2587,2602
합   천   군,영농형태: 논벼,관리기,1190,1199
합   천   군,영농형태: 논벼,건조기,618,668
합   천   군,영농형태: 논벼,이앙기,2916,2941
합   천   군,영농형태: 논벼,정미기,3866,3870
제   주   시,영농형태: 논벼,경운기,4,4
제   주   시,영농형태: 논벼,트랙터,1,1
제   주   시,영농형태: 논벼,콤바인,1,1
제   주   시,영농형태: 논벼,바인더,0,0
제   주   시,영농형태: 논벼,관리기,1,1
제   주   시,영농형태: 논벼,건조기,0,0
제   주   시,영농형태: 논벼,이앙기,3,3
제   주   시,영농형태: 논벼,정미기,1,1
서 귀 포 시,영농형태: 논벼,경운기,1,1
서 귀 포 시,영농형태: 논벼,트랙터,0,0
서 귀 포 시,영농형태: 논벼,콤바인,0,0
서 귀 포 시,영농형태: 논벼,바인더,0,0
서 귀 포 시,영농형태: 논벼,관리기,0,0
서 귀 포 시,영농형태: 논벼,건조기,0,0
서 귀 포 시,영농형태: 논벼,이앙기,0,0
서 귀 포 시,영농형태: 논벼,정미기,0,0
북 제 주 군,영농형태: 논벼,경운기,3,4
북 제 주 군,영농형태: 논벼,트랙터,1,1
북 제 주 군,영농형태: 논벼,콤바인,0,0
북 제 주 군,영농형태: 논벼,바인더,0,0
북 제 주 군,영농형태: 논벼,관리기,0,0
북 제 주 군,영농형태: 논벼,건조기,0,0
북 제 주 군,영농형태: 논벼,이앙기,0,0
북 제 주 군,영농형태: 논벼,정미기,0,0
남 제 주 군,영농형태: 논벼,경운기,5,5
남 제 주 군,영농형태: 논벼,트랙터,3,3
남 제 주 군,영농형태: 논벼,콤바인,2,2
남 제 주 군,영농형태: 논벼,바인더,1,1
남 제 주 군,영농형태: 논벼,관리기,3,3
남 제 주 군,영농형태: 논벼,건조기,2,2
남 제 주 군,영농형태: 논벼,이앙기,2,3
남 제 주 군,영농형태: 논벼,정미기,2,2
